,@AfifYulistian,@AlshadAhmad,@Anak.Kuliner,@AquariusMusikindo,@ArisSportTv,@AttaHalilintar,@Audrey-A,@AutonetMagz,@BeemzAryo,@BimbelBrilian,@BoengkoesNetwork,@BrandonKentEverything,@CNBC_ID,@CNNIDOFFICIAL,@CoachJustinl28,@DHIARCOM,@DKIDchannel,@Dewa19,@DuniaBinatangLiar,@Dunia_Alam,@DylandPROS,@FitraEri,@FrontaLGaming,@GadgetGaul,@GadgetIn,@GarasiDrift,@HujanTandaTanya,@IBLTV,@JagatReview,@JessNoLimit,@Judika.Entertainment,@K2G,@KUBILER,@Kenandgrat,@KokBisa,@LuckyHakimChannel,@MILYHYA,@MNCTV_Sports,@MajelisLucu,@MalakaProjectid,@MamankKuliner,@Mas-Wahid,@Melkibajaj,@Miawaug,@MusicaStudios,@NagaswaraOfficial,@NarasiNewsroom,@NexCarlos,@OTOMOTIFTV,@OfficialNoahMusic,@OfficialiNews,@Otodriver,@PANJIPETUALANG_REAL,@PSSITV,@PricebookIndonesia,@RCTISports,@RansEntertainment,@SPOTV.Indonesia,@SPROSULEPRODUCTIONS,@SatuPersenIndonesianLifeschool,@SiKutuBuku,@Sobat_HAPE,@SportsChannelIndonesia,@TirtaPengPengPeng,@TrinityOptimaProduction,@VINDES,@WindahBasudara,@YoutuberCupu,@ZeniusEducation,@ZonaJuaraSports,@amarpdchannel,@ariefmuhammaddd,@carmudiID,@corbuzier,@deHakims,@deHakimsAviaryIrfanHakim,@dennycaknan6996,@farida.nurhan,@felicia.tjiasaka,@indomusikgram,@iwanbanaranblog,@kompastv,@letdahyper,@liputan6_news,@metrotvnews,@motomobitv,@nihongomantappu,@officialbaliunited,@projectreview,@radityadika,@raisa6690,@riasukmawijaya,@ridwanhr,@rrq_lemon,@tanboykun,@taulany_tv,@tempovideochannel,@tribunnews,@tvOneNews,@ybrap
@AfifYulistian,1.0000002,0.95564735,0.95228386,0.9333646,0.9063337,0.9381031,0.9226881,0.95550436,0.95869243,0.88435245,0.93434423,0.87628937,0.9089381,0.92129874,0.9333278,0.93455744,0.94121516,0.92522925,0.9555065,0.94288903,0.95775807,0.9510902,0.9548813,0.94723505,0.9581811,0.9640564,0.963323,0.9181602,0.9253802,0.9288701,0.93300354,0.95096695,0.94382775,0.9418676,0.9160218,0.96311903,0.96956044,0.81317097,0.9587027,0.93848026,0.9284735,0.93388206,0.96067584,0.9860114,0.91191924,0.92079175,0.96005607,0.9318612,0.9244619,0.9297918,0.895388,0.94523567,0.93889844,0.9481344,0.9379159,0.7388339,0.95051295,0.8832103,0.9182296,0.9501132,0.94207823,0.9564483,0.8779736,0.93383455,0.93446016,0.9513235,0.96254534,0.94822,0.9511534,0.835311,0.9148141,0.95509934,0.9199085,0.9458295,0.95396125,0.9474329,0.9255389,0.9335677,0.938047,0.96051955,0.924516,0.8925065,0.9603505,0.85255206,0.9327835,0.95630527,0.9562788,0.89330876,0.9498867,0.93629086,0.9210509,0.93549466,0.9565219,0.90441316,0.9536315,0.92991745,0.90979266,0.902955,0.92395353,0.8953855
@AlshadAhmad,0.95564735,0.99999994,0.96451974,0.9223816,0.9439554,0.962386,0.9652803,0.9446236,0.97521114,0.8964262,0.95113707,0.90134084,0.9286182,0.9224766,0.9504841,0.9520631,0.9572787,0.9216113,0.958137,0.94437456,0.9667966,0.95558107,0.9674051,0.93216676,0.9553533,0.96585524,0.97083056,0.9166261,0.9462831,0.9280369,0.929055,0.95103455,0.9662312,0.9504898,0.91163373,0.96802294,0.9607146,0.81629074,0.9644361,0.92041373,0.9499924,0.968279,0.96353614,0.9614358,0.9040733,0.90462136,0.96712065,0.93765837,0.9345281,0.92280376,0.9104602,0.93417054,0.9693321,0.92286026,0.9547173,0.74037015,0.96317714,0.8967451,0.944327,0.949852,0.96170235,0.9544055,0.8769745,0.9575703,0.9277412,0.96501863,0.96706533,0.93557644,0.95986545,0.8297105,0.960539,0.95710796,0.949581,0.9650357,0.95802116,0.9571421,0.92488027,0.9708638,0.957278,0.96726656,0.92933595,0.9201328,0.97549534,0.88672984,0.95647395,0.95442426,0.96645,0.9080851,0.94723797,0.92305624,0.90649456,0.91858494,0.95693195,0.9230038,0.94813144,0.94686705,0.9244657,0.9228208,0.9386749,0.91180134
@Anak.Kuliner,0.95228386,0.96451974,1.0000001,0.91154027,0.9166394,0.9565559,0.93215275,0.9432558,0.9505775,0.88535655,0.97938764,0.8889018,0.9253992,0.9211296,0.9452901,0.9543387,0.95828104,0.9129119,0.9355545,0.93956715,0.96576726,0.9595121,0.9629483,0.9310323,0.9582739,0.9528943,0.95799816,0.9071561,0.94442344,0.91397256,0.92370814,0.95410895,0.9851047,0.98231256,0.9170505,0.9684342,0.9557172,0.7998592,0.9634642,0.9230987,0.9838339,0.93449926,0.95457876,0.9560069,0.8983263,0.9055064,0.951912,0.96993244,0.93095183,0.91022485,0.9083712,0.93277144,0.93701637,0.9208119,0.9570577,0.729826,0.9695156,0.88521636,0.951794,0.94974256,0.9505835,0.96152824,0.8660846,0.95043844,0.91543317,0.9688999,0.9605268,0.94069743,0.95038855,0.810972,0.9184115,0.95750266,0.94308704,0.9711168,0.96606064,0.96124554,0.9335935,0.9482267,0.9459883,0.96064526,0.9447808,0.916121,0.966487,0.8785027,0.94538844,0.956514,0.97354686,0.89626783,0.9500861,0.9224802,0.89502794,0.918437,0.95339835,0.91521156,0.98059654,0.9589163,0.9208435,0.9268832,0.9369771,0.9071294
@AquariusMusikindo,0.9333646,0.9223816,0.91154027,1.0000001,0.9099606,0.92882955,0.918607,0.9316524,0.940537,0.8169441,0.8838264,0.8948523,0.8590868,0.86323214,0.92676115,0.9301978,0.9176755,0.946593,0.92802334,0.9047601,0.9268341,0.9190507,0.94470346,0.9232739,0.9340117,0.95386213,0.9185175,0.93766326,0.90925837,0.94125104,0.9630033,0.938249,0.89790523,0.8899727,0.86466813,0.9417889,0.95148546,0.84868944,0.940884,0.8899907,0.8899454,0.91738665,0.92584574,0.94186604,0.97201324,0.9737273,0.93237,0.8793353,0.9202663,0.9619275,0.86194944,0.92911696,0.9245113,0.91820735,0.9164779,0.78220725,0.91127026,0.90189767,0.88910824,0.89511377,0.90528464,0.9348216,0.9072267,0.8999502,0.9851254,0.9313306,0.94429034,0.93448555,0.92394257,0.8578726,0.89031,0.9192445,0.8739431,0.92168814,0.9073624,0.88818896,0.9541793,0.92438436,0.9039718,0.95964414,0.90360224,0.8462049,0.9389796,0.81359553,0.90859103,0.94153094,0.9361272,0.8972858,0.9211081,0.91678953,0.96655643,0.9113221,0.91965294,0.91106355,0.9216928,0.8981197,0.8548756,0.8479947,0.89039433,0.9117099
@ArisSportTv,0.9063337,0.9439554,0.9166394,0.9099606,0.99999994,0.9334651,0.95985997,0.8999697,0.9360041,0.8124076,0.885955,0.9117762,0.8634957,0.8425908,0.9344653,0.9286353,0.91626513,0.9173802,0.8987211,0.8844349,0.9222168,0.90566957,0.9474387,0.887163,0.91035616,0.9399657,0.9020151,0.93803215,0.914467,0.90974736,0.8986993,0.92299026,0.91130924,0.88260067,0.8309407,0.92415035,0.9289471,0.870609,0.9200548,0.8461585,0.9026237,0.95164937,0.9182688,0.90998685,0.90415853,0.89640796,0.92838436,0.862129,0.9264948,0.91582084,0.8738688,0.89464605,0.9571843,0.89969504,0.9202182,0.819373,0.9032899,0.91636515,0.9088722,0.87442017,0.896841,0.921456,0.8857164,0.9068587,0.91303444,0.9260175,0.92823297,0.90015864,0.91885436,0.8775563,0.9504523,0.8933593,0.8909004,0.9284735,0.8881478,0.881206,0.9159472,0.9592339,0.9037491,0.9405601,0.90625226,0.8612826,0.9475809,0.82236123,0.91192365,0.9165735,0.9308191,0.9376546,0.8960553,0.86735564,0.89990866,0.8718609,0.90546817,0.9089451,0.90130854,0.8942553,0.85940737,0.86091554,0.8828521,0.9036406
@AttaHalilintar,0.9381031,0.962386,0.9565559,0.92882955,0.9334651,1.0000002,0.9472425,0.9381472,0.94327354,0.8679429,0.9440777,0.91365355,0.9164376,0.89635533,0.94802594,0.9619614,0.9603939,0.9335509,0.9176469,0.9191561,0.9595475,0.95239836,0.9558331,0.9235718,0.94912773,0.95602286,0.94195664,0.9240136,0.9519819,0.9149877,0.934621,0.9500276,0.9546746,0.9484066,0.878173,0.9621238,0.95457006,0.82175034,0.95911777,0.8908972,0.9516461,0.93922514,0.94285756,0.94522303,0.9263641,0.92004883,0.9441081,0.9242463,0.92971,0.916914,0.9147793,0.9324868,0.94387007,0.9058707,0.9608217,0.7608143,0.97082114,0.9069128,0.97020024,0.9247202,0.92881036,0.9557061,0.875084,0.9502435,0.93655777,0.97600496,0.9565214,0.9329447,0.9475677,0.83078563,0.9183325,0.9441799,0.93334126,0.9773309,0.9480611,0.94528896,0.9410376,0.9516957,0.9294792,0.970998,0.9457698,0.9155265,0.9617468,0.87336516,0.94372106,0.9542656,0.9720296,0.90607035,0.94369805,0.9101305,0.90211236,0.9029879,0.94313425,0.92646205,0.94384277,0.96260554,0.90471977,0.9238693,0.9274883,0.9222963
@Audrey-A,0.9226881,0.9652803,0.93215275,0.918607,0.95985997,0.9472425,1.0000004,0.9104905,0.95052767,0.8420006,0.9009185,0.91494375,0.87047225,0.8469048,0.92222494,0.9420932,0.9323852,0.9237206,0.91380376,0.91491413,0.92878103,0.90462947,0.94617486,0.9037876,0.9286506,0.95645165,0.92292833,0.9298531,0.9370183,0.9331579,0.9057792,0.93158376,0.9283454,0.8980645,0.8335928,0.94420314,0.9469804,0.86270976,0.9242028,0.8495892,0.91117924,0.96980363,0.93746024,0.93515503,0.91691226,0.89948404,0.9431022,0.87369514,0.9472407,0.922374,0.8704324,0.9025815,0.98296154,0.8941928,0.94300365,0.7756365,0.9118612,0.90165895,0.91098154,0.8853277,0.91039795,0.93491995,0.8694655,0.92234695,0.9164896,0.9279326,0.94374025,0.90277076,0.9369707,0.8705069,0.9763732,0.89697415,0.90118366,0.9361362,0.89949363,0.8998058,0.92724144,0.98497665,0.9132719,0.9533262,0.9064654,0.8650342,0.9570483,0.81555945,0.917855,0.9295195,0.95303315,0.90191275,0.9169798,0.8649633,0.8981835,0.87131757,0.9086188,0.93872106,0.91911834,0.89422774,0.8581606,0.86515,0.8881942,0.91723835
@AutonetMagz,0.95550436,0.9446236,0.9432558,0.9316524,0.8999697,0.9381472,0.9104905,1.0000001,0.94233114,0.8903133,0.9304404,0.89744294,0.92868644,0.93233156,0.9487909,0.9557084,0.9683424,0.92074823,0.9482388,0.93314695,0.9561832,0.97656655,0.94928825,0.96850157,0.9700724,0.97059536,0.9516493,0.91597164,0.95212936,0.92705774,0.9301045,0.96911585,0.9412472,0.93682384,0.9197136,0.9590626,0.95715225,0.82642806,0.9604471,0.9417538,0.9250448,0.9341761,0.94503546,0.95453495,0.9168104,0.9189669,0.9513122,0.93273216,0.94320166,0.9281744,0.90621394,0.98858315,0.9197693,0.9487978,0.9578629,0.7572425,0.95143926,0.92327577,0.919861,0.9496534,0.9363538,0.9710234,0.91026735,0.9380933,0.93402797,0.95152533,0.9562284,0.9749519,0.94650054,0.83930254,0.8943459,0.9649819,0.9458287,0.9446188,0.949426,0.93694484,0.9315917,0.91847575,0.94303876,0.95139074,0.96251786,0.9080086,0.9508672,0.87702435,0.94647324,0.98634577,0.94820976,0.90724707,0.96463215,0.9411888,0.91664505,0.9409123,0.97669566,0.8932464,0.9431592,0.9308058,0.92306495,0.911717,0.9362108,0.9002633
@BeemzAryo,0.95869243,0.97521114,0.9505775,0.940537,0.9360041,0.94327354,0.95052767,0.94233114,1.0000002,0.8664746,0.92265415,0.8994506,0.8915756,0.8988852,0.9392408,0.9360569,0.93604803,0.926263,0.9705888,0.93491656,0.95528376,0.9433717,0.97188437,0.9301313,0.9464416,0.96724176,0.96753937,0.9164567,0.9191922,0.92716634,0.9368825,0.94868076,0.94140434,0.9280983,0.9085103,0.9645573,0.95869756,0.81598175,0.9535335,0.9205689,0.9258998,0.9680108,0.9656663,0.9602687,0.91956455,0.92357326,0.95544314,0.9208671,0.92550266,0.94790006,0.8733856,0.93334275,0.9668709,0.9244299,0.92965484,0.7402179,0.94300926,0.88965166,0.91278046,0.9440415,0.9586284,0.9487968,0.890356,0.92739695,0.94643146,0.94530225,0.96088904,0.94035685,0.94705546,0.82922506,0.958171,0.95204186,0.92397106,0.94301856,0.9475025,0.9386735,0.9269887,0.96765816,0.95129883,0.96754324,0.91168094,0.8779886,0.9694202,0.8485918,0.92864317,0.9496385,0.94927824,0.90766317,0.9335335,0.9313519,0.93608665,0.9297979,0.94547737,0.9118179,0.93796515,0.92476463,0.8912411,0.8823719,0.9109476,0.9084138
@BimbelBrilian,0.88435245,0.8964262,0.88535655,0.8169441,0.8124076,0.8679429,0.8420006,0.8903133,0.8664746,0.9999998,0.9007708,0.796701,0.92359614,0.9223342,0.87484276,0.870682,0.9019883,0.8151539,0.8876269,0.89450926,0.90162116,0.9073328,0.8770242,0.8870512,0.8948064,0.86987114,0.92563903,0.8046442,0.884683,0.840649,0.8492013,0.8850778,0.90149313,0.90125155,0.9133049,0.89276356,0.8833083,0.7035974,0.8991264,0.911806,0.88561714,0.8528697,0.8854445,0.8717718,0.7945398,0.80279744,0.9032248,0.90160215,0.8323593,0.8029113,0.8776976,0.8743966,0.84205973,0.87382746,0.8906012,0.61458254,0.90372086,0.814096,0.86346996,0.9279443,0.9183525,0.8864194,0.8048307,0.90680254,0.8244766,0.89464176,0.88859546,0.8836827,0.90484965,0.72263694,0.8281285,0.91427827,0.9083533,0.8940978,0.90959185,0.9115279,0.82124007,0.83545804,0.9217098,0.8660204,0.8578733,0.9135114,0.8777729,0.88468635,0.9089658,0.8865204,0.8761754,0.82471573,0.9009219,0.8877615,0.7948086,0.86956096,0.8958997,0.8012512,0.87404513,0.88570166,0.92438745,0.9152266,0.90773517,0.8018142
@BoengkoesNetwork,0.93434423,0.95113707,0.97938764,0.8838264,0.885955,0.9440777,0.9009185,0.9304404,0.92265415,0.9007708,1.0000002,0.85336685,0.94611514,0.9358967,0.9365451,0.9380522,0.9534398,0.8797422,0.92280424,0.9300009,0.96444,0.95904475,0.94389355,0.914865,0.9454892,0.9262656,0.9477196,0.8732168,0.9348621,0.88873786,0.90474105,0.93264294,0.9846866,0.9859071,0.9291786,0.95511115,0.93555623,0.74491364,0.9601362,0.9224631,0.98556703,0.9055257,0.9344276,0.93803704,0.8538976,0.8708683,0.93664986,0.98680013,0.89683354,0.87056196,0.91526634,0.91730535,0.8993427,0.8956228,0.94413126,0.68913054,0.9673499,0.8582141,0.9502746,0.948146,0.9420746,0.94135714,0.8360623,0.9520409,0.88444644,0.9587383,0.95026124,0.92264843,0.93428385,0.76147723,0.8790628,0.95863384,0.9563066,0.9657369,0.9746711,0.97116566,0.89752716,0.9106128,0.94670784,0.9356243,0.92972314,0.9404042,0.9502833,0.9104367,0.9497054,0.9394673,0.9514793,0.86746705,0.9368192,0.9202348,0.85686517,0.9061906,0.9471469,0.88930136,0.9636649,0.9577842,0.9390408,0.9415155,0.94488156,0.8781746
@BrandonKentEverything,0.87628937,0.90134084,0.8889018,0.8948523,0.9117762,0.91365355,0.91494375,0.89744294,0.8994506,0.796701,0.85336685,0.9999998,0.82371247,0.80340755,0.90025586,0.9262097,0.9027664,0.9008863,0.87124246,0.8648345,0.88854134,0.8880592,0.9252453,0.88786376,0.9030335,0.9234706,0.8739878,0.92663705,0.9102987,0.8975462,0.8853312,0.9259939,0.8742346,0.8560384,0.8047712,0.9083855,0.90702176,0.87888026,0.8907497,0.82313836,0.87315416,0.90625405,0.88672453,0.8860791,0.9038501,0.88891315,0.88962054,0.8329751,0.9128005,0.8978663,0.8310813,0.89541376,0.9177161,0.87296754,0.91373456,0.82514787,0.87980664,0.9216198,0.88387704,0.8439035,0.86584103,0.91969496,0.8834716,0.88118213,0.90033555,0.8973324,0.9100609,0.90252876,0.89887035,0.8720046,0.89302236,0.86713636,0.85849035,0.90464056,0.8571854,0.8486031,0.9117781,0.9198185,0.8689439,0.9133127,0.90110487,0.81579816,0.9147526,0.7801571,0.87123346,0.9109688,0.9135742,0.90769774,0.8911723,0.85663986,0.87717366,0.85588276,0.88081306,0.89081866,0.8849442,0.8663228,0.8157729,0.82817936,0.8447403,0.899431
@CNBC_ID,0.9089381,0.9286182,0.9253992,0.8590868,0.8634957,0.9164376,0.87047225,0.92868644,0.8915756,0.92359614,0.94611514,0.82371247,1.0,0.969828,0.9325114,0.9145999,0.945629,0.8570348,0.914608,0.9281008,0.9446517,0.95381874,0.909104,0.9113358,0.93390036,0.9008031,0.93837,0.8590183,0.9303744,0.8689863,0.885326,0.9160945,0.93828964,0.9398598,0.93238044,0.93051517,0.913323,0.74340785,0.94286144,0.93799525,0.9334162,0.88369536,0.9060127,0.90972555,0.8335309,0.850757,0.9338242,0.93877405,0.86944944,0.84260523,0.94732666,0.9152019,0.87066865,0.90268975,0.93124115,0.6776549,0.94687736,0.86430514,0.9113369,0.9479321,0.93790865,0.9190248,0.8503057,0.9428252,0.8692683,0.93781745,0.93079203,0.91548854,0.92539513,0.7578603,0.84993464,0.95198774,0.9560776,0.9328499,0.9479388,0.9486934,0.8575601,0.86779255,0.9546273,0.90359205,0.9172504,0.98254037,0.91595685,0.9606794,0.97323835,0.92414933,0.9120067,0.8704511,0.92849326,0.9186456,0.84130174,0.90691304,0.945403,0.84194106,0.91366017,0.93103707,0.9844434,0.97313595,0.97141063,0.8449973
@CNNIDOFFICIAL,0.92129874,0.9224766,0.9211296,0.86323214,0.8425908,0.89635533,0.8469048,0.93233156,0.8988852,0.9223342,0.9358967,0.80340755,0.969828,1.0000001,0.9167024,0.8872912,0.92172915,0.84361726,0.9353367,0.92886865,0.9345039,0.95352244,0.90264064,0.9129903,0.92753565,0.8999922,0.9491611,0.84208155,0.89542615,0.85801834,0.8884394,0.90631247,0.9311109,0.934729,0.9599582,0.9334454,0.912423,0.71268666,0.9466044,0.97236234,0.9148543,0.8678097,0.90418994,0.914583,0.82620394,0.854416,0.93294877,0.9436456,0.84899807,0.84825563,0.92689437,0.9211791,0.8608844,0.9214382,0.90234625,0.6368474,0.94414926,0.8407494,0.88916075,0.9620086,0.9423397,0.9076041,0.84518266,0.9328984,0.8732846,0.9326366,0.9260391,0.91930914,0.92087597,0.7345474,0.8380666,0.9646708,0.9334792,0.9173093,0.95590997,0.94915634,0.84773505,0.85451114,0.9472119,0.90032995,0.905633,0.96256244,0.9068978,0.9545931,0.95897955,0.92172736,0.9016682,0.85941815,0.91698104,0.9499384,0.8496244,0.9273007,0.9445708,0.82147926,0.91794497,0.92226267,0.98209476,0.96125245,0.9688512,0.82630986
@CoachJustinl28,0.9333278,0.9504841,0.9452901,0.92676115,0.9344653,0.94802594,0.92222494,0.9487909,0.9392408,0.87484276,0.9365451,0.90025586,0.9325114,0.9167024,1.0000005,0.9490775,0.95592475,0.91606474,0.9374199,0.92873204,0.96114063,0.9640782,0.96431065,0.9345732,0.9544586,0.95371735,0.9454601,0.9259749,0.9455613,0.9228529,0.9250894,0.9609471,0.9436682,0.9364159,0.9135984,0.9530988,0.95061576,0.8338535,0.9617783,0.92205703,0.9426881,0.9315394,0.93836117,0.9352684,0.90705705,0.9168407,0.9477383,0.9266368,0.92606324,0.91558635,0.920794,0.9434009,0.9241929,0.93970066,0.94828904,0.7756225,0.9499426,0.9291242,0.92868125,0.9392178,0.9447414,0.95584714,0.91814435,0.9491863,0.9302987,0.9625033,0.96054655,0.9534651,0.94799244,0.84556794,0.9010749,0.95388746,0.93933606,0.95531374,0.9442969,0.93330455,0.92554706,0.9253895,0.94980586,0.9491543,0.94738185,0.92197835,0.96037185,0.8907429,0.9584247,0.95637035,0.94571614,0.93823975,0.9404477,0.9345773,0.90669227,0.9311105,0.9566139,0.89767957,0.9392551,0.9356035,0.92882466,0.92102623,0.93595076,0.9130209
@DHIARCOM,0.93455744,0.9520631,0.9543387,0.9301978,0.9286353,0.9619614,0.9420932,0.9557084,0.9360569,0.870682,0.9380522,0.9262097,0.9145999,0.8872912,0.9490775,1.0,0.984565,0.92911494,0.91652286,0.92614424,0.96505845,0.9550625,0.9608617,0.94922,0.9746426,0.96042943,0.9370212,0.93482,0.98405457,0.94294167,0.924114,0.9807764,0.9482727,0.94108003,0.88079375,0.9624469,0.95908594,0.84523034,0.95233387,0.8893565,0.95006406,0.9425409,0.9363581,0.943599,0.9250132,0.91857594,0.945655,0.92327964,0.9527899,0.92496735,0.90632814,0.9477754,0.9396089,0.909505,0.98576045,0.7805418,0.9496058,0.9218935,0.9509783,0.9196097,0.9269222,0.98221564,0.8945043,0.9483124,0.93124187,0.9588017,0.961722,0.96071124,0.9515734,0.8468747,0.91213363,0.94062626,0.9436605,0.967597,0.936527,0.9352087,0.9443246,0.9441535,0.9332332,0.96214545,0.95593774,0.90202653,0.96632195,0.86350477,0.94267464,0.96924186,0.96204925,0.9071739,0.97354287,0.90471584,0.9059168,0.9015424,0.95378006,0.93480957,0.94442976,0.9399539,0.8971529,0.90309703,0.9244885,0.9329268
@DKIDchannel,0.94121516,0.9572787,0.95828104,0.9176755,0.91626513,0.9603939,0.9323852,0.9683424,0.93604803,0.9019883,0.9534398,0.9027664,0.945629,0.92172915,0.95592475,0.984565,1.0000001,0.91397655,0.9269348,0.9331407,0.9740693,0.9732587,0.9574319,0.95757127,0.98040557,0.96152353,0.95271826,0.91668135,0.98730505,0.9329297,0.9212166,0.9785553,0.9602498,0.9537406,0.90643436,0.9643072,0.9576493,0.82201,0.96205,0.9141803,0.95648515,0.9422604,0.940788,0.9453441,0.9069698,0.90672874,0.9543071,0.94233036,0.9458369,0.90817475,0.9267198,0.96008277,0.92999846,0.9208495,0.9883755,0.75649285,0.9617225,0.9120563,0.9489878,0.9435437,0.94364583,0.9802294,0.8935704,0.9574982,0.92166966,0.96272856,0.96357405,0.96929026,0.95685756,0.8315737,0.90519255,0.95963943,0.96852803,0.9676738,0.95288646,0.9518335,0.92852294,0.93347853,0.95518494,0.956213,0.95916474,0.9318803,0.9656955,0.89115393,0.9620379,0.9750241,0.9583458,0.9072048,0.97880185,0.91915715,0.8920938,0.91557586,0.96880114,0.92024165,0.9466828,0.94754565,0.9305731,0.92950165,0.9456,0.9110819
@Dewa19,0.92522925,0.9216113,0.9129119,0.946593,0.9173802,0.9335509,0.9237206,0.92074823,0.926263,0.8151539,0.8797422,0.9008863,0.8570348,0.84361726,0.91606474,0.92911494,0.91397655,1.0000004,0.8972647,0.88940847,0.9157082,0.9105232,0.92850745,0.915322,0.9248635,0.94498116,0.903953,0.93708754,0.9156067,0.92240214,0.94127524,0.9293369,0.89960825,0.89422625,0.83599246,0.92568505,0.9389906,0.8759906,0.9204632,0.8627264,0.8895354,0.9178853,0.9250623,0.9342386,0.95597553,0.9392233,0.9167075,0.8670324,0.93386793,0.9327124,0.8773206,0.9214201,0.9223732,0.9099432,0.92503333,0.790125,0.9085736,0.91534775,0.9018738,0.88027775,0.8858515,0.93005276,0.8903455,0.899264,0.94759846,0.9282306,0.9314624,0.91420543,0.9134972,0.88426524,0.89547515,0.89618146,0.8713134,0.9234968,0.8887272,0.87705684,0.9396714,0.9284675,0.88313484,0.95848656,0.9139394,0.8492851,0.92871857,0.81060016,0.8975015,0.9341961,0.9452716,0.89605165,0.9181937,0.88496083,0.9334316,0.89546454,0.9099687,0.8927978,0.91430926,0.9060751,0.84767663,0.86196196,0.8867109,0.8988489
@DuniaBinatangLiar,0.9555065,0.958137,0.9355545,0.92802334,0.8987211,0.9176469,0.91380376,0.9482388,0.9705888,0.8876269,0.92280424,0.87124246,0.914608,0.9353367,0.9374199,0.91652286,0.9269348,0.8972647,1.0,0.9610039,0.94945025,0.9462539,0.9553926,0.939829,0.9452426,0.94840914,0.96784693,0.9023772,0.90551746,0.9142388,0.9259815,0.9387354,0.9350772,0.9230179,0.9471425,0.96671253,0.95284486,0.7951813,0.9536281,0.95528334,0.9155303,0.9285211,0.94509375,0.95051396,0.89222425,0.9093843,0.9508717,0.928883,0.89430857,0.928525,0.8848913,0.9400997,0.92999095,0.93892634,0.91100943,0.7155465,0.9349082,0.882105,0.8894465,0.95780206,0.9631003,0.93617636,0.8883533,0.9281701,0.93103075,0.93376803,0.9562875,0.9441316,0.9409107,0.8084842,0.9144788,0.96140444,0.9195191,0.925274,0.95624363,0.94594145,0.9017187,0.9252621,0.9581545,0.94344556,0.90254384,0.892992,0.94740903,0.87852883,0.9338847,0.9433189,0.92482555,0.89162797,0.92677903,0.9553958,0.9188006,0.94804025,0.9476323,0.8825605,0.9365058,0.9095628,0.920076,0.89759755,0.9264442,0.8901138
@Dunia_Alam,0.94288903,0.94437456,0.93956715,0.9047601,0.8844349,0.9191561,0.91491413,0.93314695,0.93491656,0.89450926,0.9300009,0.8648345,0.9281008,0.92886865,0.92873204,0.92614424,0.9331407,0.88940847,0.9610039,1.0000001,0.939996,0.93436253,0.93252164,0.9259912,0.9430084,0.93300307,0.95013535,0.8998108,0.9230575,0.9060014,0.8998515,0.934446,0.93598807,0.9280971,0.9292917,0.9683926,0.9504343,0.7925318,0.94148594,0.93743753,0.9251694,0.9025713,0.92788947,0.9431605,0.8840387,0.89724064,0.9521491,0.9231311,0.9006561,0.9096155,0.90665656,0.9244385,0.9214766,0.92621666,0.92686653,0.71330297,0.9313226,0.87608767,0.89814925,0.94152236,0.94733703,0.9373361,0.859828,0.93683285,0.90564597,0.9339994,0.9504351,0.931438,0.94909215,0.80613315,0.8960418,0.9406029,0.9117491,0.9340199,0.9476157,0.94862616,0.90680534,0.9120658,0.94198453,0.9337962,0.9068634,0.9120232,0.9358766,0.88532174,0.9391591,0.93778694,0.9339548,0.87254006,0.9291129,0.9266746,0.89176476,0.91077757,0.93353593,0.88614,0.9474381,0.9087971,0.9297232,0.91484463,0.93766934,0.8921085
@DylandPROS,0.95775807,0.9667966,0.96576726,0.9268341,0.9222168,0.9595475,0.92878103,0.9561832,0.95528376,0.90162116,0.96444,0.88854134,0.9446517,0.9345039,0.96114063,0.96505845,0.9740693,0.9157082,0.94945025,0.939996,0.99999994,0.97428954,0.97463,0.94396484,0.96812534,0.9607115,0.9682226,0.9164414,0.95610774,0.93106854,0.9360774,0.9673388,0.96539074,0.9637263,0.9249402,0.9712782,0.9637094,0.79749185,0.97456026,0.9292612,0.966402,0.9437232,0.9497083,0.96025264,0.9018456,0.9123685,0.9633479,0.9603832,0.9235735,0.91927755,0.9216269,0.94502914,0.93322754,0.92647195,0.96141803,0.735725,0.96515983,0.8942796,0.94645983,0.95542485,0.9558399,0.96985406,0.89580905,0.96151805,0.93015134,0.9666649,0.97626996,0.957074,0.9583727,0.80678725,0.91135824,0.9752767,0.9589838,0.97285104,0.9741766,0.9672556,0.92838585,0.9363323,0.96658945,0.96544266,0.9440008,0.9320759,0.979222,0.90040076,0.96563876,0.9600309,0.9585601,0.9114889,0.9585852,0.9402448,0.9084232,0.93640184,0.9719175,0.9186599,0.95274377,0.9549644,0.9379959,0.9282809,0.9474272,0.9192594
@FitraEri,0.9510902,0.95558107,0.9595121,0.9190507,0.90566957,0.95239836,0.90462947,0.97656655,0.9433717,0.9073328,0.95904475,0.8880592,0.95381874,0.95352244,0.9640782,0.9550625,0.9732587,0.9105232,0.9462539,0.93436253,0.97428954,1.0,0.9625555,0.95468473,0.9695463,0.9596716,0.96350557,0.90519834,0.9524846,0.9175825,0.93253934,0.968505,0.96230316,0.9642873,0.94403315,0.9645988,0.95490193,0.79243743,0.9764552,0.9526375,0.95430475,0.9314544,0.9451752,0.9521202,0.8938774,0.9073883,0.95477307,0.9588456,0.92609155,0.91128945,0.92435706,0.96750724,0.91341674,0.9402541,0.9573629,0.7375382,0.97533244,0.9098511,0.94291544,0.9628973,0.95579004,0.9674516,0.9044242,0.9542886,0.92898095,0.9728581,0.9676188,0.9683859,0.9491537,0.80780804,0.888307,0.9844396,0.9705502,0.964504,0.97388697,0.9628382,0.9186404,0.9144275,0.9614923,0.9549099,0.9664924,0.94088125,0.96445286,0.91461664,0.9646646,0.9758493,0.95354754,0.91673154,0.96217537,0.95711064,0.9035585,0.9462994,0.9844638,0.88678384,0.95066833,0.96409106,0.94868237,0.9438129,0.9535717,0.899615
@FrontaLGaming,0.9548813,0.9674051,0.9629483,0.94470346,0.9474387,0.9558331,0.94617486,0.94928825,0.97188437,0.8770242,0.94389355,0.9252453,0.909104,0.90264064,0.96431065,0.9608617,0.9574319,0.92850745,0.9553926,0.93252164,0.97463,0.9625555,1.0000004,0.941122,0.961297,0.9714067,0.96165085,0.9396452,0.94505227,0.9445099,0.9428629,0.9702233,0.955326,0.9439614,0.9135649,0.96988225,0.966371,0.8386958,0.9677297,0.918664,0.95251334,0.9577931,0.9580101,0.9583969,0.9244894,0.9290599,0.9579712,0.936355,0.93647194,0.9452379,0.89430165,0.93747497,0.95454013,0.9333338,0.9513437,0.7804357,0.9527043,0.9186242,0.93491393,0.9424469,0.95713806,0.96951807,0.9139092,0.9420514,0.9479343,0.96197045,0.9764825,0.9553615,0.95354426,0.8453001,0.93618184,0.9599332,0.9397135,0.96503276,0.9557655,0.9433042,0.9410079,0.9583367,0.9581342,0.9702234,0.93940306,0.8958072,0.9852978,0.8633661,0.9464352,0.9601535,0.95881814,0.93689454,0.9479195,0.9392754,0.9321444,0.935014,0.95740294,0.92900884,0.94926214,0.94234425,0.90459895,0.89851797,0.92150974,0.93106997
@GadgetGaul,0.94723505,0.93216676,0.9310323,0.9232739,0.887163,0.9235718,0.9037876,0.96850157,0.9301313,0.8870512,0.914865,0.88786376,0.9113358,0.9129903,0.9345732,0.94922,0.95757127,0.915322,0.939829,0.9259912,0.94396484,0.95468473,0.941122,1.0000002,0.9769799,0.95490307,0.94189894,0.911865,0.9471679,0.93708265,0.9212812,0.9683945,0.92733276,0.92635965,0.90584606,0.9510972,0.9534045,0.8347759,0.9455218,0.9276657,0.91633976,0.91568995,0.9354753,0.94757146,0.9053449,0.9113397,0.93963826,0.9168259,0.91817474,0.9164611,0.8948096,0.9621496,0.911973,0.94772613,0.95480317,0.74313414,0.93317103,0.91365445,0.90647715,0.9285073,0.92573404,0.9696945,0.91448283,0.925891,0.9264072,0.9384065,0.952835,0.9745819,0.9361712,0.8458359,0.8851093,0.94659674,0.9167032,0.9314967,0.9346634,0.92461586,0.91970646,0.9115447,0.93342096,0.93962646,0.94192827,0.88702095,0.944623,0.8596322,0.9319786,0.9589659,0.9412012,0.8993989,0.97138995,0.9329028,0.9108332,0.938133,0.9517381,0.8856107,0.93932575,0.9138245,0.9085525,0.89946204,0.9234222,0.89795685
@GadgetIn,0.9581811,0.9553533,0.9582739,0.9340117,0.91035616,0.94912773,0.9286506,0.9700724,0.9464416,0.8948064,0.9454892,0.9030335,0.93390036,0.92753565,0.9544586,0.9746426,0.98040557,0.9248635,0.9452426,0.9430084,0.96812534,0.9695463,0.961297,0.9769799,1.0000002,0.9645023,0.95870316,0.93004084,0.9714347,0.94898546,0.9359224,0.9841756,0.95182663,0.95274305,0.9200926,0.9712099,0.9681295,0.8364501,0.9648936,0.9344188,0.9470606,0.93798065,0.9485593,0.9659162,0.9207642,0.92652667,0.95529,0.9407508,0.9397633,0.92838335,0.9118451,0.96218455,0.93137026,0.9414394,0.97958654,0.7533883,0.95718265,0.91384816,0.93369484,0.9490182,0.9506155,0.9844936,0.91019285,0.94683903,0.9362804,0.9627031,0.9749508,0.98007673,0.9578236,0.8468693,0.9063678,0.9624633,0.9484381,0.9584325,0.9566963,0.9498782,0.93462026,0.93620884,0.9543462,0.9638872,0.9577415,0.91491795,0.96766907,0.8837381,0.9537089,0.9725785,0.96366006,0.90906495,0.9837757,0.9429607,0.9193767,0.93723977,0.96595466,0.91580564,0.9564842,0.9414282,0.9256196,0.9224099,0.94391596,0.91705513
@GarasiDrift,0.9640564,0.96585524,0.9528943,0.95386213,0.9399657,0.95602286,0.95645165,0.97059536,0.96724176,0.86987114,0.9262656,0.9234706,0.9008031,0.8999922,0.95371735,0.96042943,0.96152353,0.94498116,0.94840914,0.93300307,0.9607115,0.9596716,0.9714067,0.95490307,0.9645023,0.9999999,0.95560557,0.9429338,0.95287704,0.9506159,0.94425285,0.96825767,0.9479201,0.93125796,0.8917459,0.96716774,0.9738815,0.861707,0.96037626,0.9158745,0.92945325,0.9667413,0.96065235,0.9685149,0.94553185,0.9421433,0.96294546,0.9181788,0.96654797,0.952215,0.89552855,0.9652552,0.96359277,0.94669694,0.9591325,0.79361045,0.9479078,0.9304468,0.9247907,0.9336314,0.9384874,0.97173584,0.9181124,0.94195855,0.9519243,0.9570769,0.96817243,0.9593143,0.9584886,0.8764863,0.9432415,0.95056975,0.9290072,0.95378053,0.9402561,0.9298038,0.95779574,0.96372616,0.941115,0.9751349,0.9498086,0.88769245,0.9735863,0.8444885,0.94369125,0.9767462,0.9676119,0.92753184,0.9550699,0.92690885,0.9400405,0.9322696,0.9621706,0.93357205,0.95121306,0.92990017,0.8974515,0.8925641,0.9228055,0.9279959
@HujanTandaTanya,0.963323,0.97083056,0.95799816,0.9185175,0.9020151,0.94195664,0.92292833,0.9516493,0.96753937,0.92563903,0.9477196,0.8739878,0.93837,0.9491611,0.9454601,0.9370212,0.95271826,0.903953,0.96784693,0.95013535,0.9682226,0.96350557,0.96165085,0.94189894,0.95870316,0.95560557,1.0000002,0.89698935,0.9352987,0.9197563,0.9304662,0.9531218,0.95687306,0.9514358,0.9505042,0.96798503,0.9620173,0.7851816,0.9682715,0.9604007,0.9439569,0.94038206,0.95643586,0.9594945,0.8923254,0.9040733,0.9698139,0.9484473,0.91481304,0.91678226,0.90954113,0.9376854,0.937663,0.9394961,0.94230473,0.69709647,0.9596586,0.87592906,0.9228339,0.9829161,0.98407245,0.95450914,0.8797717,0.95729923,0.92540807,0.95972884,0.9670874,0.9459051,0.9669903,0.80392617,0.91996473,0.9727421,0.9481367,0.95730686,0.96958375,0.9630046,0.9136783,0.93610215,0.9765112,0.9583857,0.9215301,0.9229101,0.9617049,0.89503586,0.95516384,0.95660603,0.9492456,0.8935064,0.9507679,0.94980633,0.9055058,0.9353862,0.9633356,0.89931566,0.94607365,0.9430043,0.9408647,0.92853844,0.94477266,0.8971636
@IBLTV,0.9181602,0.9166261,0.9071561,0.93766326,0.93803215,0.9240136,0.9298531,0.91597164,0.9164567,0.8046442,0.8732168,0.92663705,0.8590183,0.84208155,0.9259749,0.93482,0.91668135,0.93708754,0.9023772,0.8998108,0.9164414,0.90519834,0.9396452,0.911865,0.93004084,0.9429338,0.89698935,1.0000002,0.91958404,0.9338187,0.92067254,0.93883675,0.89288384,0.8768302,0.8321067,0.93180764,0.94445616,0.91636306,0.92411304,0.8611356,0.88816464,0.9212005,0.91217566,0.9294671,0.9375539,0.92982054,0.9241208,0.8560982,0.93542385,0.940083,0.8720362,0.91321766,0.92760694,0.92499185,0.925202,0.85630035,0.8974234,0.93280256,0.89028955,0.8721732,0.88602334,0.9352455,0.91856444,0.8985485,0.93538094,0.9224705,0.9414972,0.9213826,0.93165916,0.91824377,0.8967533,0.8920944,0.86806405,0.92035973,0.8881165,0.87770337,0.9389088,0.928468,0.89519763,0.9457776,0.91348004,0.84547293,0.93790734,0.8048037,0.90936315,0.930367,0.9341167,0.92872673,0.9089638,0.8838885,0.92947155,0.88993394,0.91068923,0.91021615,0.91332793,0.88230526,0.85227185,0.8536452,0.8834357,0.9234937
@JagatReview,0.9253802,0.9462831,0.94442344,0.90925837,0.914467,0.9519819,0.9370183,0.95212936,0.9191922,0.884683,0.9348621,0.9102987,0.9303744,0.89542615,0.9455613,0.98405457,0.98730505,0.9156067,0.90551746,0.9230575,0.95610774,0.9524846,0.94505227,0.9471679,0.9714347,0.95287704,0.9352987,0.91958404,1.0,0.93498945,0.9073646,0.9736259,0.94399494,0.93493575,0.8790386,0.95300555,0.949101,0.83705723,0.943734,0.8890864,0.9430587,0.9376637,0.92460215,0.9331293,0.9075055,0.8991508,0.9449104,0.9174148,0.94796485,0.902619,0.9221176,0.94591475,0.929932,0.9102045,0.9870269,0.76739895,0.942824,0.9176889,0.93454826,0.92057467,0.9278615,0.9742068,0.89374197,0.9477066,0.9110031,0.9497862,0.9581318,0.955394,0.9510852,0.8443795,0.90417147,0.9336579,0.95050716,0.95548177,0.927541,0.92794764,0.9262947,0.93302965,0.9378582,0.9451252,0.9510569,0.91793025,0.95496786,0.8762463,0.9514048,0.96299934,0.9530052,0.9010253,0.9723653,0.899137,0.88602924,0.89604646,0.9475881,0.92273307,0.93504095,0.9293499,0.911767,0.9173195,0.9329629,0.91568875
@JessNoLimit,0.9288701,0.9280369,0.91397256,0.94125104,0.90974736,0.9149877,0.9331579,0.92705774,0.92716634,0.840649,0.88873786,0.8975462,0.8689863,0.85801834,0.9228529,0.94294167,0.9329297,0.92240214,0.9142388,0.9060014,0.93106854,0.9175825,0.9445099,0.93708265,0.94898546,0.9506159,0.9197563,0.9338187,0.93498945,0.9999999,0.9207676,0.95015,0.90372527,0.8909244,0.8527914,0.936681,0.94797444,0.8514148,0.92787087,0.8725649,0.89680374,0.9288625,0.9236499,0.9388044,0.9274154,0.92280376,0.93613267,0.87465227,0.93116575,0.9320775,0.86296004,0.9166584,0.93457687,0.9122908,0.9367707,0.7801933,0.8997055,0.9040905,0.8857577,0.8883313,0.9077002,0.9488559,0.91169536,0.90725416,0.9390227,0.91864586,0.95378983,0.93407947,0.9275676,0.861923,0.9023534,0.91143,0.89180416,0.917179,0.90517735,0.89191264,0.9288186,0.93139637,0.9145311,0.94220257,0.9098514,0.8511543,0.94823384,0.81578964,0.91273034,0.9365955,0.9369885,0.9042559,0.9403912,0.8963699,0.9200015,0.8946966,0.9225383,0.93688035,0.9176553,0.88828814,0.8599076,0.8508868,0.8925352,0.9109824
@Judika.Entertainment,0.93300354,0.929055,0.92370814,0.9630033,0.8986993,0.934621,0.9057792,0.9301045,0.9368825,0.8492013,0.90474105,0.8853312,0.885326,0.8884394,0.9250894,0.924114,0.9212166,0.94127524,0.9259815,0.8998515,0.9360774,0.93253934,0.9428629,0.9212812,0.9359224,0.94425285,0.9304662,0.92067254,0.9073646,0.9207676,1.0000002,0.93239963,0.9151861,0.9183023,0.88355947,0.94143134,0.9481038,0.8241012,0.948192,0.9066143,0.90977645,0.91154444,0.9298031,0.94146144,0.94796056,0.94964755,0.9285854,0.9024552,0.9112822,0.9327218,0.88161206,0.9289806,0.90905654,0.9197047,0.92100704,0.7525176,0.9314445,0.89416516,0.90820074,0.91387844,0.91976595,0.9330629,0.89593095,0.91104037,0.96260583,0.9488983,0.9450277,0.92828065,0.9240593,0.834863,0.88205624,0.9341129,0.8938302,0.93464017,0.9228545,0.90977347,0.93987143,0.9159662,0.91816604,0.95982265,0.9156132,0.8747153,0.9396262,0.84954643,0.9209103,0.94088966,0.94355345,0.90044487,0.9247254,0.9312997,0.94098556,0.9180521,0.9292897,0.88719285,0.9238558,0.9282683,0.8808441,0.88555914,0.9129734,0.8913014
@K2G,0.95096695,0.95103455,0.95410895,0.938249,0.92299026,0.9500276,0.93158376,0.96911585,0.94868076,0.8850778,0.93264294,0.9259939,0.9160945,0.90631247,0.9609471,0.9807764,0.9785553,0.9293369,0.9387354,0.934446,0.9673388,0.968505,0.9702233,0.9683945,0.9841756,0.96825767,0.9531218,0.93883675,0.9736259,0.95015,0.93239963,1.0000002,0.94408965,0.94095385,0.90609133,0.96629214,0.96757364,0.85259503,0.96011096,0.9192791,0.94339347,0.9434471,0.9445173,0.95404637,0.9286356,0.93118703,0.953845,0.9262512,0.94623905,0.93572426,0.9017003,0.9606484,0.9381362,0.9378192,0.97747886,0.7805667,0.9512489,0.9275645,0.933306,0.9406631,0.9457295,0.9907633,0.917531,0.94495237,0.94118404,0.9598818,0.97162163,0.9827547,0.9584229,0.8592191,0.9122031,0.9538577,0.9438071,0.95935583,0.94534683,0.9380778,0.943798,0.9391199,0.9481973,0.96162236,0.95992446,0.8987711,0.96952534,0.8640988,0.9452585,0.9748585,0.9595344,0.9283885,0.98010063,0.9343605,0.922254,0.9287618,0.9635736,0.92126584,0.94809693,0.9363663,0.90738976,0.9055186,0.92690754,0.92747307
@KUBILER,0.94382775,0.9662312,0.9851047,0.89790523,0.91130924,0.9546746,0.9283454,0.9412472,0.94140434,0.90149313,0.9846866,0.8742346,0.93828964,0.9311109,0.9436682,0.9482727,0.9602498,0.89960825,0.9350772,0.93598807,0.96539074,0.96230316,0.955326,0.92733276,0.95182663,0.9479201,0.95687306,0.89288384,0.94399494,0.90372527,0.9151861,0.94408965,0.9999999,0.9815966,0.9215237,0.964388,0.9494208,0.7783772,0.96424514,0.92397785,0.982154,0.93289065,0.94976544,0.94578624,0.8786201,0.8862774,0.9491905,0.9748198,0.9202442,0.89256334,0.9219784,0.92958593,0.9298014,0.9118547,0.95491153,0.71284467,0.9720226,0.8801811,0.952479,0.952143,0.949245,0.95084035,0.8598577,0.95543265,0.90059996,0.96580935,0.95338756,0.931497,0.9472463,0.7918893,0.91363907,0.9585118,0.95313144,0.96947134,0.9682078,0.968011,0.9196716,0.9380001,0.9529854,0.9518099,0.9388959,0.9322973,0.9631244,0.89909065,0.9554795,0.9527949,0.9636661,0.8901311,0.94473827,0.922302,0.87715113,0.9157716,0.9538738,0.9051181,0.96818036,0.9601015,0.93471825,0.9413837,0.94795895,0.89142174
@Kenandgrat,0.9418676,0.9504898,0.98231256,0.8899727,0.88260067,0.9484066,0.8980645,0.93682384,0.9280983,0.90125155,0.9859071,0.8560384,0.9398598,0.934729,0.9364159,0.94108003,0.9537406,0.89422625,0.9230179,0.9280971,0.9637263,0.9642873,0.9439614,0.92635965,0.95274305,0.93125796,0.9514358,0.8768302,0.93493575,0.8909244,0.9183023,0.94095385,0.9815966,1.0000002,0.9316255,0.9551667,0.93918765,0.7530514,0.96194744,0.9290403,0.9836819,0.90587646,0.9419418,0.94421077,0.8688729,0.8824004,0.93644667,0.98380196,0.9028609,0.87896574,0.91427517,0.924324,0.899818,0.9037576,0.9482994,0.68539214,0.97510254,0.86658275,0.9542725,0.95271206,0.94361544,0.94912577,0.845162,0.94824445,0.8971605,0.9682795,0.9501782,0.9315804,0.9342989,0.7690026,0.8783041,0.963332,0.9498163,0.9661132,0.97406983,0.97005814,0.90903556,0.9106032,0.9434743,0.944218,0.9384743,0.93130416,0.9524075,0.90271765,0.9449279,0.94509745,0.9620612,0.8728887,0.94743836,0.92879057,0.8696563,0.91693485,0.9522071,0.8815235,0.9661191,0.9687972,0.9340228,0.9431864,0.9435504,0.87942237
@KokBisa,0.9160218,0.91163373,0.9170505,0.86466813,0.8309407,0.878173,0.8335928,0.9197136,0.9085103,0.9133049,0.9291786,0.8047712,0.93238044,0.9599582,0.9135984,0.88079375,0.90643436,0.83599246,0.9471425,0.9292917,0.9249402,0.94403315,0.9135649,0.90584606,0.9200926,0.8917459,0.9505042,0.8321067,0.8790386,0.8527914,0.88355947,0.90609133,0.9215237,0.9316255,1.0,0.9317392,0.90917027,0.70753133,0.9419674,0.97879004,0.91631806,0.85597974,0.8987682,0.90570295,0.8147011,0.8496709,0.9170567,0.95001876,0.8455975,0.8593867,0.8782886,0.90842354,0.8515221,0.90619826,0.8822158,0.6315855,0.9287803,0.83592635,0.87207973,0.96521366,0.9566264,0.9018786,0.8417411,0.91586137,0.86880314,0.91912293,0.9274722,0.91741824,0.912714,0.7310289,0.8282457,0.95857334,0.92105937,0.9081765,0.9547697,0.9359789,0.8428426,0.8443094,0.9556706,0.8932296,0.88538396,0.9117833,0.9069641,0.9066196,0.9242991,0.91571283,0.8894156,0.84786826,0.90566826,0.962881,0.8559623,0.92949253,0.9291485,0.81703115,0.9124762,0.90752727,0.9380901,0.91598433,0.9281369,0.83587986
@LuckyHakimChannel,0.96311903,0.96802294,0.9684342,0.9417889,0.92415035,0.9621238,0.94420314,0.9590626,0.9645573,0.89276356,0.95511115,0.9083855,0.93051517,0.9334454,0.9530988,0.9624469,0.9643072,0.92568505,0.96671253,0.9683926,0.9712782,0.9645988,0.96988225,0.9510972,0.9712099,0.96716774,0.96798503,0.93180764,0.95300555,0.936681,0.94143134,0.96629214,0.964388,0.9551667,0.9317392,1.0,0.9761913,0.82385755,0.974092,0.94336706,0.9562927,0.9401436,0.95260775,0.96451443,0.9209749,0.9325639,0.9645978,0.947331,0.9335878,0.9409219,0.9137583,0.95149046,0.9526888,0.94001573,0.9576986,0.74704516,0.9642842,0.90342784,0.93771815,0.95331776,0.95936215,0.96870744,0.8960356,0.9560429,0.94092536,0.96802425,0.9771359,0.9590992,0.9668349,0.8348304,0.9245422,0.96679646,0.9373212,0.9688722,0.9684686,0.9640659,0.9465629,0.95237935,0.96041214,0.9719355,0.9440339,0.918156,0.97033,0.8903223,0.9549651,0.966208,0.96681654,0.9025275,0.9532843,0.95256096,0.92712545,0.9430801,0.9583745,0.92492545,0.9728366,0.94541115,0.9288713,0.9225116,0.9469124,0.9315327
@MILYHYA,0.96956044,0.9607146,0.9557172,0.95148546,0.9289471,0.95457006,0.9469804,0.95715225,0.95869756,0.8833083,0.93555623,0.90702176,0.913323,0.912423,0.95061576,0.95908594,0.9576493,0.9389906,0.95284486,0.9504343,0.9637094,0.95490193,0.966371,0.9534045,0.9681295,0.9738815,0.9620173,0.94445616,0.949101,0.94797444,0.9481038,0.96757364,0.9494208,0.93918765,0.90917027,0.9761913,1.0,0.8456383,0.96951985,0.929684,0.93858445,0.94327605,0.9526801,0.97303957,0.9350554,0.93619204,0.96711636,0.9233455,0.9428111,0.94504666,0.9141345,0.9473436,0.95344836,0.9470897,0.9585829,0.76044923,0.95392054,0.9095327,0.93208355,0.9424008,0.9473753,0.9673052,0.90362036,0.95193964,0.94815934,0.96459967,0.974915,0.9537283,0.9654503,0.8616029,0.9230416,0.95416194,0.92308027,0.962933,0.9504621,0.9423846,0.9516325,0.9498918,0.945563,0.9736675,0.94111687,0.9014088,0.97125506,0.86386096,0.947994,0.96949095,0.96832204,0.91444665,0.9577271,0.9347253,0.9298772,0.92837656,0.9530186,0.9309092,0.9606879,0.9369029,0.9086253,0.9074793,0.93279237,0.9279937
@MNCTV_Sports,0.81317097,0.81629074,0.7998592,0.84868944,0.870609,0.82175034,0.86270976,0.82642806,0.81598175,0.7035974,0.74491364,0.87888026,0.74340785,0.71268666,0.8338535,0.84523034,0.82201,0.8759906,0.7951813,0.7925318,0.79749185,0.79243743,0.8386958,0.8347759,0.8364501,0.861707,0.7851816,0.91636306,0.83705723,0.8514148,0.8241012,0.85259503,0.7783772,0.7530514,0.70753133,0.82385755,0.8456383,0.99999976,0.80469954,0.7397363,0.77140534,0.84073484,0.80738664,0.8233206,0.87481076,0.85507846,0.82767165,0.7229655,0.8720027,0.8508475,0.77529883,0.8357359,0.8508301,0.84619117,0.8429744,0.8594904,0.77811354,0.8925409,0.7785867,0.75224817,0.7713995,0.8490473,0.8622197,0.7872443,0.84345114,0.8123578,0.8342247,0.83422935,0.8278525,0.9656342,0.83040315,0.7620449,0.74736094,0.81029415,0.7534677,0.7408222,0.8578638,0.85496354,0.7858623,0.8487647,0.8280264,0.7283305,0.8353377,0.6807655,0.80169696,0.8355106,0.8404325,0.86895263,0.8178298,0.7662527,0.8459472,0.79065734,0.80218756,0.83033025,0.807868,0.7664114,0.7326237,0.73793346,0.77062905,0.8406119
@MajelisLucu,0.9587027,0.9644361,0.9634642,0.940884,0.9200548,0.95911777,0.9242028,0.9604471,0.9535335,0.8991264,0.9601362,0.8907497,0.94286144,0.9466044,0.9617783,0.95233387,0.96205,0.9204632,0.9536281,0.94148594,0.97456026,0.9764552,0.9677297,0.9455218,0.9648936,0.96037626,0.9682715,0.92411304,0.943734,0.92787087,0.948192,0.96011096,0.96424514,0.96194744,0.9419674,0.974092,0.96951985,0.80469954,1.0000001,0.9530213,0.95436966,0.9312977,0.9507247,0.9609298,0.91365016,0.92624694,0.96575975,0.956301,0.9223865,0.9317291,0.9224045,0.94933283,0.9339247,0.9387679,0.94949496,0.7325979,0.9740499,0.900496,0.94636667,0.96216357,0.9608511,0.9619682,0.8988861,0.9596561,0.94261795,0.97888726,0.97594106,0.95825315,0.9635538,0.8211639,0.9068577,0.9794395,0.94539887,0.9732134,0.9742765,0.95990705,0.9375782,0.93226045,0.96180785,0.96981204,0.94678247,0.93139684,0.9734074,0.9058683,0.96389365,0.96769035,0.9627885,0.909944,0.9527743,0.95907825,0.920538,0.94039154,0.96671367,0.90941745,0.96045196,0.96005636,0.942181,0.93692935,0.9515786,0.9142486
@MalakaProjectid,0.93848026,0.92041373,0.9230987,0.8899907,0.8461585,0.8908972,0.8495892,0.9417538,0.9205689,0.911806,0.9224631,0.82313836,0.93799525,0.97236234,0.92205703,0.8893565,0.9141803,0.8627264,0.95528334,0.93743753,0.9292612,0.9526375,0.918664,0.9276657,0.9344188,0.9158745,0.9604007,0.8611356,0.8890864,0.8725649,0.9066143,0.9192791,0.92397785,0.9290403,0.97879004,0.94336706,0.929684,0.7397363,0.9530213,1.0000001,0.90631515,0.8740744,0.91375774,0.9283053,0.851031,0.8805319,0.9409704,0.9388144,0.86823416,0.8861284,0.8941759,0.93260705,0.8752639,0.9423068,0.89616275,0.6517122,0.93771404,0.8508779,0.8797078,0.9741356,0.9571773,0.9176805,0.8685602,0.9233532,0.89683294,0.9369954,0.93634725,0.93476045,0.9362124,0.76405865,0.8485831,0.9662498,0.9170939,0.91830933,0.95373195,0.9345918,0.87139106,0.8635547,0.9522239,0.9134282,0.90508837,0.91769785,0.91704845,0.9082464,0.9374746,0.93562967,0.9087415,0.86622524,0.9197353,0.97299397,0.8900323,0.9419176,0.9437425,0.83043015,0.92684865,0.9177462,0.94858927,0.9316671,0.94332016,0.8482836
@MamankKuliner,0.9284735,0.9499924,0.9838339,0.8899454,0.9026237,0.9516461,0.91117924,0.9250448,0.9258998,0.88561714,0.98556703,0.87315416,0.9334162,0.9148543,0.9426881,0.95006406,0.95648515,0.8895354,0.9155303,0.9251694,0.966402,0.95430475,0.95251334,0.91633976,0.9470606,0.92945325,0.9439569,0.88816464,0.9430587,0.89680374,0.90977645,0.94339347,0.982154,0.9836819,0.91631806,0.9562927,0.93858445,0.77140534,0.95436966,0.90631515,0.99999976,0.91316617,0.9352554,0.93221295,0.8681145,0.8792044,0.93391824,0.9750773,0.90810776,0.88046485,0.91137546,0.9139529,0.90899014,0.8932626,0.95161796,0.7120173,0.9630364,0.8729613,0.95509356,0.9381356,0.94020045,0.9496057,0.85003686,0.9499048,0.8939732,0.96104085,0.9522656,0.9266528,0.93608415,0.781171,0.886367,0.95046616,0.9503951,0.9693366,0.96473277,0.96199006,0.912025,0.92212576,0.94577956,0.94152427,0.93386006,0.92676497,0.9562372,0.8895465,0.9459066,0.9397103,0.9579567,0.88486075,0.94015425,0.9121417,0.865192,0.90402055,0.9431157,0.89998233,0.9651148,0.956028,0.9228159,0.9285358,0.9356741,0.89248407
@Mas-Wahid,0.93388206,0.968279,0.93449926,0.91738665,0.95164937,0.93922514,0.96980363,0.9341761,0.9680108,0.8528697,0.9055257,0.90625405,0.88369536,0.8678097,0.9315394,0.9425409,0.9422604,0.9178853,0.9285211,0.9025713,0.9437232,0.9314544,0.9577931,0.91568995,0.93798065,0.9667413,0.94038206,0.9212005,0.9376637,0.9288625,0.91154444,0.9434471,0.93289065,0.90587646,0.85597974,0.9401436,0.94327605,0.84073484,0.9312977,0.8740744,0.91316617,1.0000004,0.950367,0.9408686,0.9094131,0.89579237,0.9486455,0.8909431,0.9500048,0.92495215,0.8653309,0.92731845,0.9716781,0.9049722,0.94370776,0.76987356,0.9214306,0.89894104,0.9055506,0.9120902,0.9286417,0.9446405,0.8905296,0.9169632,0.923368,0.9287603,0.94692785,0.9245095,0.93786496,0.85219854,0.9726066,0.9234411,0.92818254,0.93279487,0.91225564,0.9112139,0.9175117,0.9754528,0.93360204,0.9536586,0.91797864,0.87330246,0.96440476,0.8288466,0.9274157,0.94518113,0.9417163,0.9152359,0.92537904,0.8827363,0.91253054,0.89788693,0.93990725,0.91950107,0.91324735,0.9043455,0.8731924,0.8713263,0.8968104,0.90988004
@Melkibajaj,0.96067584,0.96353614,0.95457876,0.92584574,0.9182688,0.94285756,0.93746024,0.94503546,0.9656663,0.8854445,0.9344276,0.88672453,0.9060127,0.90418994,0.93836117,0.9363581,0.940788,0.9250623,0.94509375,0.92788947,0.9497083,0.9451752,0.9580101,0.9354753,0.9485593,0.96065235,0.95643586,0.91217566,0.92460215,0.9236499,0.9298031,0.9445173,0.94976544,0.9419418,0.8987682,0.95260775,0.9526801,0.80738664,0.9507247,0.91375774,0.9352554,0.950367,1.0000002,0.96362436,0.9113691,0.9104508,0.9462292,0.9284606,0.92790914,0.9268731,0.8924728,0.9324999,0.94534266,0.92845774,0.93832695,0.7330811,0.94996536,0.8995826,0.92137355,0.9417586,0.9419066,0.9501072,0.8850182,0.928702,0.9330884,0.9508726,0.9531423,0.934677,0.9432844,0.8279843,0.9320436,0.95178664,0.9271637,0.9456003,0.9446669,0.93754435,0.9258635,0.9491954,0.9387754,0.95901275,0.9229366,0.8958583,0.95838916,0.8583926,0.9314232,0.9513992,0.95738626,0.9035626,0.9418013,0.9241702,0.9122493,0.9294082,0.95146185,0.8961582,0.94388914,0.9328431,0.9024694,0.90033746,0.9215128,0.8946011
@Miawaug,0.9860114,0.9614358,0.9560069,0.94186604,0.90998685,0.94522303,0.93515503,0.95453495,0.9602687,0.8717718,0.93803704,0.8860791,0.90972555,0.914583,0.9352684,0.943599,0.9453441,0.9342386,0.95051396,0.9431605,0.96025264,0.9521202,0.9583969,0.94757146,0.9659162,0.9685149,0.9594945,0.9294671,0.9331293,0.9388044,0.94146144,0.95404637,0.94578624,0.94421077,0.90570295,0.96451443,0.97303957,0.8233206,0.9609298,0.9283053,0.93221295,0.9408686,0.96362436,1.0000002,0.92273676,0.92944556,0.96030754,0.93119055,0.9354837,0.94002026,0.8946855,0.94345015,0.94448286,0.94044614,0.94748765,0.74704516,0.95309937,0.8913737,0.9223295,0.9422114,0.94192946,0.96013856,0.88355076,0.9356773,0.9426055,0.95694363,0.9717227,0.9470185,0.9525374,0.84401923,0.92010605,0.9526737,0.922629,0.95101607,0.9544474,0.9464861,0.93496364,0.9446203,0.9369954,0.96898454,0.9330473,0.89467865,0.96685576,0.85472643,0.93719065,0.9597635,0.9645976,0.8968091,0.9542337,0.9340184,0.92740715,0.9312423,0.9570712,0.91718924,0.95487773,0.93470025,0.90622294,0.903232,0.9268052,0.90531635
@MusicaStudios,0.91191924,0.9040733,0.8983263,0.97201324,0.90415853,0.9263641,0.91691226,0.9168104,0.91956455,0.7945398,0.8538976,0.9038501,0.8335309,0.82620394,0.90705705,0.9250132,0.9069698,0.95597553,0.89222425,0.8840387,0.9018456,0.8938774,0.9244894,0.9053449,0.9207642,0.94553185,0.8923254,0.9375539,0.9075055,0.9274154,0.94796056,0.9286356,0.8786201,0.8688729,0.8147011,0.9209749,0.9350554,0.87481076,0.91365016,0.851031,0.8681145,0.9094131,0.9113691,0.92273676,1.0000001,0.9723842,0.9086652,0.84387386,0.92747843,0.94831604,0.8563354,0.91605777,0.92004204,0.8967471,0.9160899,0.8014247,0.8946254,0.9041127,0.88699186,0.8688589,0.879223,0.92869693,0.89644635,0.88318694,0.973158,0.9186108,0.9204197,0.9172011,0.91349465,0.8777536,0.88870203,0.88425595,0.8504789,0.9103182,0.8718633,0.8569504,0.96060175,0.9239752,0.87209,0.95678604,0.9012673,0.8222027,0.92130756,0.785025,0.88564014,0.9318986,0.93370706,0.89215684,0.91304255,0.8813893,0.95276546,0.8746964,0.89821196,0.9008268,0.9036849,0.88982844,0.82730085,0.8319332,0.86942124,0.90185714
@NagaswaraOfficial,0.92079175,0.90462136,0.9055064,0.9737273,0.89640796,0.92004883,0.89948404,0.9189669,0.92357326,0.80279744,0.8708683,0.88891315,0.850757,0.854416,0.9168407,0.91857594,0.90672874,0.9392233,0.9093843,0.89724064,0.9123685,0.9073883,0.9290599,0.9113397,0.92652667,0.9421433,0.9040733,0.92982054,0.8991508,0.92280376,0.94964755,0.93118703,0.8862774,0.8824004,0.8496709,0.9325639,0.93619204,0.85507846,0.92624694,0.8805319,0.8792044,0.89579237,0.9104508,0.92944556,0.9723842,1.0,0.9152931,0.86694825,0.9087889,0.95218444,0.8592245,0.91688967,0.90664667,0.913045,0.9088594,0.7867256,0.9062172,0.89315546,0.8823427,0.884503,0.8936229,0.92841136,0.90304136,0.893693,0.9707346,0.92452073,0.9315177,0.92808855,0.9134746,0.866557,0.8709314,0.9062215,0.85691434,0.91286516,0.8952942,0.8770846,0.94984996,0.908817,0.8884355,0.9524646,0.8991562,0.8378018,0.924694,0.8060224,0.89842695,0.9286518,0.9306339,0.8931544,0.9110995,0.90809274,0.9555588,0.9004452,0.9091637,0.8929836,0.9175444,0.8932342,0.8474214,0.84438866,0.8868398,0.90255654
@NarasiNewsroom,0.96005607,0.96712065,0.951912,0.93237,0.92838436,0.9441081,0.9431022,0.9513122,0.95544314,0.9032248,0.93664986,0.88962054,0.9338242,0.93294877,0.9477383,0.945655,0.9543071,0.9167075,0.9508717,0.9521491,0.9633479,0.95477307,0.9579712,0.93963826,0.95529,0.96294546,0.9698139,0.9241208,0.9449104,0.93613267,0.9285854,0.953845,0.9491905,0.93644667,0.9170567,0.9645978,0.96711636,0.82767165,0.96575975,0.9409704,0.93391824,0.9486455,0.9462292,0.96030754,0.9086652,0.9152931,0.9999999,0.927775,0.9332818,0.93152505,0.919624,0.9416424,0.9548734,0.9472147,0.94952416,0.73825765,0.9503264,0.8935689,0.9237432,0.95496213,0.95815146,0.95509887,0.89630246,0.9532912,0.93314016,0.95989984,0.9684676,0.9468881,0.96838546,0.8439368,0.93272233,0.95535564,0.9325354,0.95648444,0.9520066,0.9431547,0.93126684,0.9426788,0.95857394,0.9599925,0.93126607,0.92620337,0.966112,0.88813263,0.96047544,0.9555931,0.9539496,0.9133568,0.94366896,0.9346325,0.9194523,0.921293,0.9551693,0.9200556,0.94775784,0.93471193,0.93561316,0.93108165,0.9478165,0.904635
@NexCarlos,0.9318612,0.93765837,0.96993244,0.8793353,0.862129,0.9242463,0.87369514,0.93273216,0.9208671,0.90160215,0.98680013,0.8329751,0.93877405,0.9436456,0.9266368,0.92327964,0.94233036,0.8670324,0.928883,0.9231311,0.9603832,0.9588456,0.936355,0.9168259,0.9407508,0.9181788,0.9484473,0.8560982,0.9174148,0.87465227,0.9024552,0.9262512,0.9748198,0.98380196,0.95001876,0.947331,0.9233455,0.7229655,0.956301,0.9388144,0.9750773,0.8909431,0.9284606,0.93119055,0.84387386,0.86694825,0.927775,1.0000002,0.8813944,0.86895,0.9000988,0.9186359,0.8780966,0.8961542,0.9264559,0.66594136,0.95971847,0.84681225,0.9315765,0.95644975,0.94483316,0.93368566,0.83876705,0.9399568,0.88120115,0.9474395,0.9410881,0.9257983,0.9233798,0.7406498,0.85817504,0.96515924,0.9489132,0.9494024,0.9775927,0.96762097,0.8836467,0.88697505,0.9488201,0.92503154,0.91866887,0.92705667,0.9412352,0.9030683,0.9397921,0.9343878,0.93555695,0.85803914,0.9332627,0.93568146,0.86042684,0.91966844,0.9471136,0.8627891,0.95331883,0.9490731,0.9352757,0.9292306,0.9387619,0.85935247
@OTOMOTIFTV,0.9244619,0.9345281,0.93095183,0.9202663,0.9264948,0.92971,0.9472407,0.94320166,0.92550266,0.8323593,0.89683354,0.9128005,0.86944944,0.84899807,0.92606324,0.9527899,0.9458369,0.93386793,0.89430857,0.9006561,0.9235735,0.92609155,0.93647194,0.91817474,0.9397633,0.96654797,0.91481304,0.93542385,0.94796485,0.93116575,0.9112822,0.94623905,0.9202442,0.9028609,0.8455975,0.9335878,0.9428111,0.8720027,0.9223865,0.86823416,0.90810776,0.9500048,0.92790914,0.9354837,0.92747843,0.9087889,0.9332818,0.8813944,0.99999964,0.92304313,0.8707408,0.93614674,0.9434757,0.91218925,0.9549494,0.8045602,0.91145426,0.92062724,0.9027214,0.89216924,0.89982784,0.9500513,0.8934436,0.9123415,0.91821384,0.9295203,0.93772966,0.92654717,0.93607575,0.8851604,0.92250824,0.90371597,0.9122156,0.9280151,0.89434457,0.8886821,0.93863225,0.9445327,0.9026179,0.9500928,0.9407304,0.8567884,0.9467313,0.80655146,0.9141745,0.9585526,0.9497167,0.9030278,0.9337678,0.8730631,0.9075377,0.8799468,0.92949796,0.9201486,0.92162794,0.9021368,0.8557518,0.8637082,0.89312947,0.9092953
@OfficialNoahMusic,0.9297918,0.92280376,0.91022485,0.9619275,0.91582084,0.916914,0.922374,0.9281744,0.94790006,0.8029113,0.87056196,0.8978663,0.84260523,0.84825563,0.91558635,0.92496735,0.90817475,0.9327124,0.928525,0.9096155,0.91927755,0.91128945,0.9452379,0.9164611,0.92838335,0.952215,0.91678226,0.940083,0.902619,0.9320775,0.9327218,0.93572426,0.89256334,0.87896574,0.8593867,0.9409219,0.94504666,0.8508475,0.9317291,0.8861284,0.88046485,0.92495215,0.9268731,0.94002026,0.94831604,0.95218444,0.93152505,0.86895,0.92304313,1.0,0.8444102,0.9226233,0.9352392,0.91674924,0.9053284,0.773763,0.89914453,0.8933234,0.8783359,0.8923482,0.9091456,0.93557423,0.90736365,0.8934485,0.9569867,0.9190902,0.94335103,0.9312203,0.92849237,0.8656088,0.9064677,0.9111526,0.86397743,0.912048,0.9003669,0.88106155,0.94757515,0.9322409,0.9041792,0.95346814,0.9011593,0.8253654,0.9431305,0.79157215,0.89364123,0.9370092,0.9286492,0.8919444,0.9082893,0.9087366,0.96099824,0.903016,0.9166949,0.90287614,0.918669,0.881207,0.8376599,0.83169836,0.8747462,0.9243549
@OfficialiNews,0.895388,0.9104602,0.9083712,0.86194944,0.8738688,0.9147793,0.8704324,0.90621394,0.8733856,0.8776976,0.91526634,0.8310813,0.94732666,0.92689437,0.920794,0.90632814,0.9267198,0.8773206,0.8848913,0.90665656,0.9216269,0.92435706,0.89430165,0.8948096,0.9118451,0.89552855,0.90954113,0.8720362,0.9221176,0.86296004,0.88161206,0.9017003,0.9219784,0.91427517,0.8782886,0.9137583,0.9141345,0.77529883,0.9224045,0.8941759,0.91137546,0.8653309,0.8924728,0.8946855,0.8563354,0.8592245,0.919624,0.9000988,0.8707408,0.8444102,1.0000002,0.89692265,0.8708889,0.89643735,0.92115515,0.7066144,0.9307042,0.8806459,0.9068343,0.90582204,0.90112245,0.90555704,0.86699903,0.9313092,0.8706056,0.93143034,0.9106681,0.8951794,0.9091172,0.7915648,0.84178525,0.916139,0.91148937,0.92477757,0.91490746,0.9184514,0.87175924,0.8646182,0.91148156,0.90430486,0.9011776,0.9573497,0.9015962,0.9369539,0.9586848,0.90874994,0.909518,0.8754157,0.91030145,0.8915167,0.8383787,0.8815861,0.9100449,0.8428453,0.90284085,0.92080605,0.94999623,0.95420575,0.95821357,0.85042906
@Otodriver,0.94523567,0.93417054,0.93277144,0.92911696,0.89464605,0.9324868,0.9025815,0.98858315,0.93334275,0.8743966,0.91730535,0.89541376,0.9152019,0.9211791,0.9434009,0.9477754,0.96008277,0.9214201,0.9400997,0.9244385,0.94502914,0.96750724,0.93747497,0.9621496,0.96218455,0.9652552,0.9376854,0.91321766,0.94591475,0.9166584,0.9289806,0.9606484,0.92958593,0.924324,0.90842354,0.95149046,0.9473436,0.8357359,0.94933283,0.93260705,0.9139529,0.92731845,0.9324999,0.94345015,0.91605777,0.91688967,0.9416424,0.9186359,0.93614674,0.9226233,0.89692265,1.0000004,0.9108252,0.9460033,0.9496845,0.760251,0.94090855,0.92695963,0.9079559,0.93592817,0.9213352,0.96147144,0.9099437,0.92514956,0.93040544,0.94386744,0.9464495,0.9709823,0.94023657,0.84606826,0.88613814,0.95135707,0.9302449,0.933573,0.9356214,0.92171794,0.92847514,0.9097685,0.9309562,0.94326556,0.95907307,0.89611393,0.9386094,0.8624216,0.936431,0.97990125,0.9388813,0.9072433,0.9530537,0.9345498,0.9143353,0.9357543,0.96656966,0.8832631,0.93511665,0.91955256,0.91170305,0.902444,0.92736745,0.89465296
@PANJIPETUALANG_REAL,0.93889844,0.9693321,0.93701637,0.9245113,0.9571843,0.94387007,0.98296154,0.9197693,0.9668709,0.84205973,0.8993427,0.9177161,0.87066865,0.8608844,0.9241929,0.9396089,0.92999846,0.9223732,0.92999095,0.9214766,0.93322754,0.91341674,0.95454013,0.911973,0.93137026,0.96359277,0.937663,0.92760694,0.929932,0.93457687,0.90905654,0.9381362,0.9298014,0.899818,0.8515221,0.9526888,0.95344836,0.8508301,0.9339247,0.8752639,0.90899014,0.9716781,0.94534266,0.94448286,0.92004204,0.90664667,0.9548734,0.8780966,0.9434757,0.9352392,0.8708889,0.9108252,1.0000001,0.9076358,0.93562925,0.76584876,0.91991806,0.8987754,0.91200745,0.90315413,0.92558026,0.94083786,0.88066566,0.9214382,0.925981,0.9358313,0.9482235,0.91483426,0.9444002,0.86003065,0.98454094,0.9110655,0.90000516,0.93883395,0.9080292,0.9067179,0.9349317,0.98534286,0.9204457,0.95869076,0.9098562,0.86261165,0.9623858,0.8198037,0.91765684,0.937285,0.9531337,0.9035673,0.9194616,0.88504875,0.9132776,0.88329935,0.9167321,0.935576,0.92798936,0.90196806,0.86647093,0.8681767,0.8949336,0.9136897
@PSSITV,0.9481344,0.92286026,0.9208119,0.91820735,0.89969504,0.9058707,0.8941928,0.9487978,0.9244299,0.87382746,0.8956228,0.87296754,0.90268975,0.9214382,0.93970066,0.909505,0.9208495,0.9099432,0.93892634,0.92621666,0.92647195,0.9402541,0.9333338,0.94772613,0.9414394,0.94669694,0.9394961,0.92499185,0.9102045,0.9122908,0.9197047,0.9378192,0.9118547,0.9037576,0.90619826,0.94001573,0.9470897,0.84619117,0.9387679,0.9423068,0.8932626,0.9049722,0.92845774,0.94044614,0.8967471,0.913045,0.9472147,0.8961542,0.91218925,0.91674924,0.89643735,0.9460033,0.9076358,1.0,0.9149964,0.7645568,0.91915405,0.91340655,0.8784602,0.9314019,0.9233365,0.9372605,0.9224646,0.9145052,0.9185175,0.93610454,0.94347364,0.94650066,0.9401512,0.8700936,0.88062596,0.9379424,0.890752,0.91555655,0.920593,0.9061519,0.91054606,0.8996235,0.92459315,0.9309493,0.9248097,0.88872147,0.9323809,0.85684335,0.9316931,0.94416714,0.9292176,0.9196124,0.92564464,0.93610406,0.91234595,0.93522966,0.94162154,0.8671744,0.93130267,0.8964579,0.9154112,0.90556526,0.92654127,0.8822403
@PricebookIndonesia,0.9379159,0.9547173,0.9570577,0.9164779,0.9202182,0.9608217,0.94300365,0.9578629,0.92965484,0.8906012,0.94413126,0.91373456,0.93124115,0.90234625,0.94828904,0.98576045,0.9883755,0.92503333,0.91100943,0.92686653,0.96141803,0.9573629,0.9513437,0.95480317,0.97958654,0.9591325,0.94230473,0.925202,0.9870269,0.9367707,0.92100704,0.97747886,0.95491153,0.9482994,0.8822158,0.9576986,0.9585829,0.8429744,0.94949496,0.89616275,0.95161796,0.94370776,0.93832695,0.94748765,0.9160899,0.9088594,0.94952416,0.9264559,0.9549494,0.9053284,0.92115515,0.9496845,0.93562925,0.9149964,1.0,0.7641704,0.9531917,0.9177408,0.9486228,0.92858076,0.92989576,0.9807253,0.887241,0.9542949,0.91791975,0.96054965,0.95919144,0.96013844,0.95396113,0.84944457,0.91306996,0.93973035,0.95369804,0.9655849,0.9365579,0.94047487,0.93534887,0.942654,0.9389429,0.9571204,0.9574822,0.9210936,0.961835,0.8759757,0.9531759,0.96887386,0.96609175,0.90544105,0.9793652,0.9006773,0.89196086,0.9014021,0.9556891,0.92816806,0.94458413,0.94265974,0.91411674,0.9245114,0.9375585,0.9137882
@RCTISports,0.7388339,0.74037015,0.729826,0.78220725,0.819373,0.7608143,0.7756365,0.7572425,0.7402179,0.61458254,0.68913054,0.82514787,0.6776549,0.6368474,0.7756225,0.7805418,0.75649285,0.790125,0.7155465,0.71330297,0.735725,0.7375382,0.7804357,0.74313414,0.7533883,0.79361045,0.69709647,0.85630035,0.76739895,0.7801933,0.7525176,0.7805667,0.71284467,0.68539214,0.6315855,0.74704516,0.76044923,0.8594904,0.7325979,0.6517122,0.7120173,0.76987356,0.7330811,0.74704516,0.8014247,0.7867256,0.73825765,0.66594136,0.8045602,0.773763,0.7066144,0.760251,0.76584876,0.7645568,0.7641704,0.9999998,0.71492934,0.8498546,0.7179575,0.6711978,0.6946209,0.7726328,0.7968969,0.71936035,0.7776413,0.7444147,0.7592906,0.7685001,0.7474914,0.84996766,0.74245226,0.7038642,0.6983209,0.7408501,0.6859594,0.674842,0.79048026,0.7713964,0.7125101,0.7758962,0.7590537,0.66195834,0.76398516,0.61136484,0.73695195,0.76388985,0.76707673,0.8341572,0.7379384,0.6923242,0.76919276,0.7156437,0.74364734,0.758663,0.7404349,0.7051848,0.6622745,0.66248167,0.69680154,0.76169056
@RansEntertainment,0.95051295,0.96317714,0.9695156,0.91127026,0.9032899,0.97082114,0.9118612,0.95143926,0.94300926,0.90372086,0.9673499,0.87980664,0.94687736,0.94414926,0.9499426,0.9496058,0.9617225,0.9085736,0.9349082,0.9313226,0.96515983,0.97533244,0.9527043,0.93317103,0.95718265,0.9479078,0.9596586,0.8974234,0.942824,0.8997055,0.9314445,0.9512489,0.9720226,0.97510254,0.9287803,0.9642842,0.95392054,0.77811354,0.9740499,0.93771404,0.9630364,0.9214306,0.94996536,0.95309937,0.8946254,0.9062172,0.9503264,0.95971847,0.91145426,0.89914453,0.9307042,0.94090855,0.91991806,0.91915405,0.9531917,0.71492934,1.0000005,0.89030063,0.96790755,0.9579053,0.95175946,0.9562341,0.8689074,0.96024215,0.92348874,0.9838783,0.95803064,0.94112897,0.94902027,0.7926549,0.89438057,0.9707765,0.9538295,0.9752102,0.9756322,0.97115624,0.918751,0.9228688,0.9463154,0.9599309,0.9521078,0.9451728,0.9588487,0.9154593,0.95999014,0.96019566,0.965907,0.89673597,0.95435035,0.94231915,0.8919461,0.9260833,0.96366966,0.8913424,0.95521283,0.97967005,0.9441714,0.9552721,0.9545929,0.89422953
@SPOTV.Indonesia,0.8832103,0.8967451,0.88521636,0.90189767,0.91636515,0.9069128,0.90165895,0.92327577,0.88965166,0.814096,0.8582141,0.9216198,0.86430514,0.8407494,0.9291242,0.9218935,0.9120563,0.91534775,0.882105,0.87608767,0.8942796,0.9098511,0.9186242,0.91365445,0.91384816,0.9304468,0.87592906,0.93280256,0.9176889,0.9040905,0.89416516,0.9275645,0.8801811,0.86658275,0.83592635,0.90342784,0.9095327,0.8925409,0.900496,0.8508779,0.8729613,0.89894104,0.8995826,0.8913737,0.9041127,0.89315546,0.8935689,0.84681225,0.92062724,0.8933234,0.8806459,0.92695963,0.8987754,0.91340655,0.9177408,0.8498546,0.89030063,1.0,0.8745392,0.859478,0.86749434,0.92172253,0.92556024,0.8877001,0.90135026,0.91092443,0.914658,0.9139644,0.89719987,0.8881512,0.8745559,0.8855915,0.87108433,0.897004,0.87050676,0.8549328,0.9005015,0.89853567,0.8821335,0.913851,0.92904806,0.85210574,0.90903586,0.8249301,0.90272605,0.929183,0.91564983,0.93342036,0.90669554,0.8756634,0.88186896,0.8912653,0.9058894,0.86214256,0.88391036,0.8750921,0.85792434,0.85846245,0.884813,0.8906845
@SPROSULEPRODUCTIONS,0.9182296,0.944327,0.951794,0.88910824,0.9088722,0.97020024,0.91098154,0.919861,0.91278046,0.86346996,0.9502746,0.88387704,0.9113369,0.88916075,0.92868125,0.9509783,0.9489878,0.9018738,0.8894465,0.89814925,0.94645983,0.94291544,0.93491393,0.90647715,0.93369484,0.9247907,0.9228339,0.89028955,0.93454826,0.8857577,0.90820074,0.933306,0.952479,0.9542725,0.87207973,0.93771815,0.93208355,0.7785867,0.94636667,0.8797078,0.95509356,0.9055506,0.92137355,0.9223295,0.88699186,0.8823427,0.9237432,0.9315765,0.9027214,0.8783359,0.9068343,0.9079559,0.91200745,0.8784602,0.9486228,0.7179575,0.96790755,0.8745392,0.9999997,0.91500306,0.9118613,0.9447895,0.83896565,0.94358647,0.9022943,0.9689913,0.9327239,0.91320693,0.9302232,0.78614223,0.884818,0.9312371,0.93063295,0.97780174,0.94182837,0.9427071,0.9207131,0.91642714,0.9063104,0.94762766,0.94094306,0.91314614,0.9454415,0.8749269,0.9276842,0.9365544,0.9571544,0.87408304,0.9357971,0.89095426,0.86102223,0.8735981,0.93103975,0.893612,0.93313324,0.97011244,0.90045786,0.92401767,0.9190852,0.87977517
@SatuPersenIndonesianLifeschool,0.9501132,0.949852,0.94974256,0.89511377,0.87442017,0.9247202,0.8853277,0.9496534,0.9440415,0.9279443,0.948146,0.8439035,0.9479321,0.9620086,0.9392178,0.9196097,0.9435437,0.88027775,0.95780206,0.94152236,0.95542485,0.9628973,0.9424469,0.9285073,0.9490182,0.9336314,0.9829161,0.8721732,0.92057467,0.8883313,0.91387844,0.9406631,0.952143,0.95271206,0.96521366,0.95331776,0.9424008,0.75224817,0.96216357,0.9741356,0.9381356,0.9120902,0.9417586,0.9422114,0.8688589,0.884503,0.95496213,0.95644975,0.89216924,0.8923482,0.90582204,0.93592817,0.90315413,0.9314019,0.92858076,0.6711978,0.9579053,0.859478,0.91500306,1.0000002,0.98213613,0.9411579,0.86088157,0.94198847,0.9062121,0.9542984,0.9501864,0.9418869,0.95576966,0.7715409,0.88420403,0.97410655,0.95033944,0.9458971,0.9675097,0.95872766,0.88845277,0.90065885,0.9716907,0.9363457,0.91835237,0.93079853,0.94158053,0.9089924,0.94739956,0.9499185,0.9314281,0.87919414,0.9423706,0.95543575,0.8855573,0.9308518,0.9609524,0.8634534,0.9366627,0.9452205,0.9505377,0.94124043,0.9478112,0.86357546
@SiKutuBuku,0.94207823,0.96170235,0.9505835,0.90528464,0.896841,0.92881036,0.91039795,0.9363538,0.9586284,0.9183525,0.9420746,0.86584103,0.93790865,0.9423397,0.9447414,0.9269222,0.94364583,0.8858515,0.9631003,0.94733703,0.9558399,0.95579004,0.95713806,0.92573404,0.9506155,0.9384874,0.98407245,0.88602334,0.9278615,0.9077002,0.91976595,0.9457295,0.949245,0.94361544,0.9566264,0.95936215,0.9473753,0.7713995,0.9608511,0.9571773,0.94020045,0.9286417,0.9419066,0.94192946,0.879223,0.8936229,0.95815146,0.94483316,0.89982784,0.9091456,0.90112245,0.9213352,0.92558026,0.9233365,0.92989576,0.6946209,0.95175946,0.86749434,0.9118613,0.98213613,0.99999976,0.94211173,0.8750479,0.946664,0.9147902,0.9531165,0.96077365,0.9406712,0.9566859,0.7896844,0.90900576,0.9639584,0.9475949,0.9461473,0.9634397,0.9545833,0.8962219,0.92416245,0.9798674,0.9446736,0.90902007,0.9203733,0.9535831,0.898777,0.94992304,0.945241,0.93367153,0.88886684,0.9391593,0.9494386,0.8954103,0.9226984,0.9499706,0.88386357,0.93375075,0.93604493,0.9381832,0.92587036,0.93872464,0.886906
@Sobat_HAPE,0.9564483,0.9544055,0.96152824,0.9348216,0.921456,0.9557061,0.93491995,0.9710234,0.9487968,0.8864194,0.94135714,0.91969496,0.9190248,0.9076041,0.95584714,0.98221564,0.9802294,0.93005276,0.93617636,0.9373361,0.96985406,0.9674516,0.96951807,0.9696945,0.9844936,0.97173584,0.95450914,0.9352455,0.9742068,0.9488559,0.9330629,0.9907633,0.95084035,0.94912577,0.9018786,0.96870744,0.9673052,0.8490473,0.9619682,0.9176805,0.9496057,0.9446405,0.9501072,0.96013856,0.92869693,0.92841136,0.95509887,0.93368566,0.9500513,0.93557423,0.90555704,0.96147144,0.94083786,0.9372605,0.9807253,0.7726328,0.9562341,0.92172253,0.9447895,0.9411579,0.94211173,0.9999998,0.91045713,0.94865066,0.9367391,0.96457255,0.97125053,0.97924185,0.9619231,0.8563887,0.91495717,0.95548874,0.9427278,0.96719295,0.9500568,0.9459302,0.94883,0.9430306,0.9444992,0.9664085,0.9616532,0.9018713,0.97359,0.86234057,0.9478006,0.9763392,0.9673275,0.9200003,0.9802652,0.9278532,0.9201956,0.926406,0.96455586,0.92723656,0.9556473,0.9429388,0.91026294,0.90885574,0.9309647,0.9304384
@SportsChannelIndonesia,0.8779736,0.8769745,0.8660846,0.9072267,0.8857164,0.875084,0.8694655,0.91026735,0.890356,0.8048307,0.8360623,0.8834716,0.8503057,0.84518266,0.91814435,0.8945043,0.8935704,0.8903455,0.8883533,0.859828,0.89580905,0.9044242,0.9139092,0.91448283,0.91019285,0.9181124,0.8797717,0.91856444,0.89374197,0.91169536,0.89593095,0.917531,0.8598577,0.845162,0.8417411,0.8960356,0.90362036,0.8622197,0.8988861,0.8685602,0.85003686,0.8905296,0.8850182,0.88355076,0.89644635,0.90304136,0.89630246,0.83876705,0.8934436,0.90736365,0.86699903,0.9099437,0.88066566,0.9224646,0.887241,0.7968969,0.8689074,0.92556024,0.83896565,0.86088157,0.8750479,0.91045713,1.0,0.872844,0.90852654,0.8903234,0.9159051,0.9240197,0.8887112,0.86350644,0.8510126,0.8908164,0.8523183,0.87384075,0.8652659,0.84186435,0.8944113,0.87482107,0.88931024,0.90247726,0.89960194,0.8372185,0.9080446,0.81971705,0.9025211,0.90651864,0.8855262,0.918223,0.89096886,0.8961282,0.90362144,0.91424537,0.89583445,0.8492894,0.87405324,0.85532534,0.85284054,0.8425675,0.8787956,0.88474256
@TirtaPengPengPeng,0.93383455,0.9575703,0.95043844,0.8999502,0.9068587,0.9502435,0.92234695,0.9380933,0.92739695,0.90680254,0.9520409,0.88118213,0.9428252,0.9328984,0.9491863,0.9483124,0.9574982,0.899264,0.9281701,0.93683285,0.96151805,0.9542886,0.9420514,0.925891,0.94683903,0.94195855,0.95729923,0.8985485,0.9477066,0.90725416,0.91104037,0.94495237,0.95543265,0.94824445,0.91586137,0.9560429,0.95193964,0.7872443,0.9596561,0.9233532,0.9499048,0.9169632,0.928702,0.9356773,0.88318694,0.893693,0.9532912,0.9399568,0.9123415,0.8934485,0.9313092,0.92514956,0.9214382,0.9145052,0.9542949,0.71936035,0.96024215,0.8877001,0.94358647,0.94198847,0.946664,0.94865066,0.872844,1.0,0.9004272,0.96007764,0.95469075,0.9311627,0.9515435,0.79958427,0.8971647,0.9509641,0.9459641,0.96277505,0.9554097,0.9535593,0.9126003,0.9213096,0.94896054,0.94725466,0.92948526,0.9429409,0.95067966,0.90898013,0.9636857,0.9460745,0.94913137,0.88985795,0.9468364,0.9197093,0.8741815,0.89817697,0.94986165,0.8992433,0.9388637,0.9436741,0.9418483,0.93770725,0.950323,0.8973937
@TrinityOptimaProduction,0.93446016,0.9277412,0.91543317,0.9851254,0.91303444,0.93655777,0.9164896,0.93402797,0.94643146,0.8244766,0.88444644,0.90033555,0.8692683,0.8732846,0.9302987,0.93124187,0.92166966,0.94759846,0.93103075,0.90564597,0.93015134,0.92898095,0.9479343,0.9264072,0.9362804,0.9519243,0.92540807,0.93538094,0.9110031,0.9390227,0.96260583,0.94118404,0.90059996,0.8971605,0.86880314,0.94092536,0.94815934,0.84345114,0.94261795,0.89683294,0.8939732,0.923368,0.9330884,0.9426055,0.973158,0.9707346,0.93314016,0.88120115,0.91821384,0.9569867,0.8706056,0.93040544,0.925981,0.9185175,0.91791975,0.7776413,0.92348874,0.90135026,0.9022943,0.9062121,0.9147902,0.9367391,0.90852654,0.9004272,1.0000002,0.9398838,0.9464506,0.93802255,0.9271517,0.8556316,0.89395714,0.92855656,0.88612944,0.9268868,0.91349757,0.8955258,0.9454855,0.9254663,0.9087736,0.9630053,0.91178524,0.85658777,0.94463086,0.8295335,0.91196525,0.94255936,0.93804157,0.9072257,0.9284167,0.9260603,0.96884584,0.9175222,0.92908525,0.9039344,0.9187559,0.9154235,0.8651593,0.86370754,0.89606786,0.9035141
@VINDES,0.9513235,0.96501863,0.9688999,0.9313306,0.9260175,0.97600496,0.9279326,0.95152533,0.94530225,0.89464176,0.9587383,0.8973324,0.93781745,0.9326366,0.9625033,0.9588017,0.96272856,0.9282306,0.93376803,0.9339994,0.9666649,0.9728581,0.96197045,0.9384065,0.9627031,0.9570769,0.95972884,0.9224705,0.9497862,0.91864586,0.9488983,0.9598818,0.96580935,0.9682795,0.91912293,0.96802425,0.96459967,0.8123578,0.97888726,0.9369954,0.96104085,0.9287603,0.9508726,0.95694363,0.9186108,0.92452073,0.95989984,0.9474395,0.9295203,0.9190902,0.93143034,0.94386744,0.9358313,0.93610454,0.96054965,0.7444147,0.9838783,0.91092443,0.9689913,0.9542984,0.9531165,0.96457255,0.8903234,0.96007764,0.9398838,1.0,0.96734333,0.9503077,0.96188134,0.82919097,0.9068235,0.968333,0.9456475,0.98570657,0.9664761,0.9589773,0.94259584,0.9369761,0.9453423,0.97417843,0.9605484,0.9343949,0.9684336,0.9038223,0.9588294,0.96505713,0.97769296,0.91599905,0.9557202,0.9441402,0.91241425,0.92479205,0.9606536,0.90588,0.9607824,0.9815241,0.93478996,0.9501318,0.95099354,0.91281927
@WindahBasudara,0.96254534,0.96706533,0.9605268,0.94429034,0.92823297,0.9565214,0.94374025,0.9562284,0.96088904,0.88859546,0.95026124,0.9100609,0.93079203,0.9260391,0.96054655,0.961722,0.96357405,0.9314624,0.9562875,0.9504351,0.97626996,0.9676188,0.9764825,0.952835,0.9749508,0.96817243,0.9670874,0.9414972,0.9581318,0.95378983,0.9450277,0.97162163,0.95338756,0.9501782,0.9274722,0.9771359,0.974915,0.8342247,0.97594106,0.93634725,0.9522656,0.94692785,0.9531423,0.9717227,0.9204197,0.9315177,0.9684676,0.9410881,0.93772966,0.94335103,0.9106681,0.9464495,0.9482235,0.94347364,0.95919144,0.7592906,0.95803064,0.914658,0.9327239,0.9501864,0.96077365,0.97125053,0.9159051,0.95469075,0.9464506,0.96734333,1.0000001,0.9610466,0.9670993,0.8489705,0.92135835,0.9654664,0.9423388,0.9647813,0.9657126,0.9526783,0.93588877,0.9500657,0.963348,0.97212064,0.9493246,0.91660035,0.9809034,0.88771915,0.9588784,0.9651979,0.96741915,0.92004395,0.95621186,0.9525894,0.92974126,0.94099414,0.9611458,0.9326865,0.9595289,0.9429499,0.92330635,0.921348,0.9414714,0.9295256
@YoutuberCupu,0.94822,0.93557644,0.94069743,0.93448555,0.90015864,0.9329447,0.90277076,0.9749519,0.94035685,0.8836827,0.92264843,0.90252876,0.91548854,0.91930914,0.9534651,0.96071124,0.96929026,0.91420543,0.9441316,0.931438,0.957074,0.9683859,0.9553615,0.9745819,0.98007673,0.9593143,0.9459051,0.9213826,0.955394,0.93407947,0.92828065,0.9827547,0.931497,0.9315804,0.91741824,0.9590992,0.9537283,0.83422935,0.95825315,0.93476045,0.9266528,0.9245095,0.934677,0.9470185,0.9172011,0.92808855,0.9468881,0.9257983,0.92654717,0.9312203,0.8951794,0.9709823,0.91483426,0.94650066,0.96013844,0.7685001,0.94112897,0.9139644,0.91320693,0.9418869,0.9406712,0.97924185,0.9240197,0.9311627,0.93802255,0.9503077,0.9610466,1.0000004,0.94870543,0.84643936,0.88781667,0.96028817,0.93259716,0.9427054,0.94479513,0.9326794,0.93153286,0.91355735,0.9437623,0.94919074,0.9509473,0.89446926,0.9553761,0.8619738,0.9398229,0.969892,0.9434389,0.9128026,0.97069967,0.942099,0.92178684,0.94199216,0.9632294,0.89765626,0.9442519,0.92452496,0.9118695,0.9020555,0.9256796,0.90618503
@ZeniusEducation,0.9511534,0.95986545,0.95038855,0.92394257,0.91885436,0.9475677,0.9369707,0.94650054,0.94705546,0.90484965,0.93428385,0.89887035,0.92539513,0.92087597,0.94799244,0.9515734,0.95685756,0.9134972,0.9409107,0.94909215,0.9583727,0.9491537,0.95354426,0.9361712,0.9578236,0.9584886,0.9669903,0.93165916,0.9510852,0.9275676,0.9240593,0.9584229,0.9472463,0.9342989,0.912714,0.9668349,0.9654503,0.8278525,0.9635538,0.9362124,0.93608415,0.93786496,0.9432844,0.9525374,0.91349465,0.9134746,0.96838546,0.9233798,0.93607575,0.92849237,0.9091172,0.94023657,0.9444002,0.9401512,0.95396113,0.7474914,0.94902027,0.89719987,0.9302232,0.95576966,0.9566859,0.9619231,0.8887112,0.9515435,0.9271517,0.96188134,0.9670993,0.94870543,1.0000002,0.8442303,0.9200275,0.9480927,0.9259052,0.96208036,0.9443443,0.9396404,0.9397942,0.94171816,0.9537229,0.96039295,0.9359243,0.91220915,0.962155,0.8759934,0.95179784,0.9578577,0.9617498,0.90585953,0.94668084,0.9298119,0.913537,0.91407365,0.95023,0.9135159,0.9503019,0.9342629,0.9241508,0.92230403,0.93696356,0.918368
@ZonaJuaraSports,0.835311,0.8297105,0.810972,0.8578726,0.8775563,0.83078563,0.8705069,0.83930254,0.82922506,0.72263694,0.76147723,0.8720046,0.7578603,0.7345474,0.84556794,0.8468747,0.8315737,0.88426524,0.8084842,0.80613315,0.80678725,0.80780804,0.8453001,0.8458359,0.8468693,0.8764863,0.80392617,0.91824377,0.8443795,0.861923,0.834863,0.8592191,0.7918893,0.7690026,0.7310289,0.8348304,0.8616029,0.9656342,0.8211639,0.76405865,0.781171,0.85219854,0.8279843,0.84401923,0.8777536,0.866557,0.8439368,0.7406498,0.8851604,0.8656088,0.7915648,0.84606826,0.86003065,0.8700936,0.84944457,0.84996766,0.7926549,0.8881512,0.78614223,0.7715409,0.7896844,0.8563887,0.86350644,0.79958427,0.8556316,0.82919097,0.8489705,0.84643936,0.8442303,1.0,0.83825856,0.7793205,0.76407176,0.8217844,0.7697208,0.7567481,0.86574304,0.8622004,0.8013928,0.8597763,0.8350619,0.74171674,0.84925866,0.6903236,0.81129396,0.84807277,0.8526702,0.8744701,0.82808995,0.7845902,0.85896814,0.80660284,0.8147616,0.83632946,0.8239883,0.7761505,0.74739844,0.7582909,0.7838018,0.8452158
@amarpdchannel,0.9148141,0.960539,0.9184115,0.89031,0.9504523,0.9183325,0.9763732,0.8943459,0.958171,0.8281285,0.8790628,0.89302236,0.84993464,0.8380666,0.9010749,0.91213363,0.90519255,0.89547515,0.9144788,0.8960418,0.91135824,0.888307,0.93618184,0.8851093,0.9063678,0.9432415,0.91996473,0.8967533,0.90417147,0.9023534,0.88205624,0.9122031,0.91363907,0.8783041,0.8282457,0.9245422,0.9230416,0.83040315,0.9068577,0.8485831,0.886367,0.9726066,0.9320436,0.92010605,0.88870203,0.8709314,0.93272233,0.85817504,0.92250824,0.9064677,0.84178525,0.88613814,0.98454094,0.88062596,0.91306996,0.74245226,0.89438057,0.8745559,0.884818,0.88420403,0.90900576,0.91495717,0.8510126,0.8971647,0.89395714,0.9068235,0.92135835,0.88781667,0.9200275,0.83825856,1.0000004,0.8876026,0.8871286,0.91122293,0.88443136,0.8852476,0.90025496,0.9798117,0.9043027,0.934762,0.8823322,0.84155107,0.94411755,0.79898024,0.895729,0.9088886,0.9273169,0.8906051,0.89436525,0.85511374,0.88645846,0.8614036,0.8948821,0.91031206,0.8959569,0.874835,0.84560996,0.84651256,0.86817324,0.88473713
@ariefmuhammaddd,0.95509934,0.95710796,0.95750266,0.9192445,0.8933593,0.9441799,0.89697415,0.9649819,0.95204186,0.91427827,0.95863384,0.86713636,0.95198774,0.9646708,0.95388746,0.94062626,0.95963943,0.89618146,0.96140444,0.9406029,0.9752767,0.9844396,0.9599332,0.94659674,0.9624633,0.95056975,0.9727421,0.8920944,0.9336579,0.91143,0.9341129,0.9538577,0.9585118,0.963332,0.95857334,0.96679646,0.95416194,0.7620449,0.9794395,0.9662498,0.95046616,0.9234411,0.95178664,0.9526737,0.88425595,0.9062215,0.95535564,0.96515924,0.90371597,0.9111526,0.916139,0.95135707,0.9110655,0.9379424,0.93973035,0.7038642,0.9707765,0.8855915,0.9312371,0.97410655,0.9639584,0.95548874,0.8908164,0.9509641,0.92855656,0.968333,0.9654664,0.96028817,0.9480927,0.7793205,0.8876026,1.0000002,0.95940197,0.9588917,0.98139393,0.9687904,0.9078903,0.90991724,0.9672476,0.95306766,0.9397161,0.9371489,0.9602855,0.9168416,0.96052504,0.96273625,0.94777185,0.9011216,0.9539976,0.9685074,0.90410143,0.95350254,0.9772705,0.88035035,0.9508232,0.9576292,0.9519974,0.9373139,0.9549414,0.8906847
@carmudiID,0.9199085,0.949581,0.94308704,0.8739431,0.8909004,0.93334126,0.90118366,0.9458287,0.92397106,0.9083533,0.9563066,0.85849035,0.9560776,0.9334792,0.93933606,0.9436605,0.96852803,0.8713134,0.9195191,0.9117491,0.9589838,0.9705502,0.9397135,0.9167032,0.9484381,0.9290072,0.9481367,0.86806405,0.95050716,0.89180416,0.8938302,0.9438071,0.95313144,0.9498163,0.92105937,0.9373212,0.92308027,0.74736094,0.94539887,0.9170939,0.9503951,0.92818254,0.9271637,0.922629,0.8504789,0.85691434,0.9325354,0.9489132,0.9122156,0.86397743,0.91148937,0.9302449,0.90000516,0.890752,0.95369804,0.6983209,0.9538295,0.87108433,0.93063295,0.95033944,0.9475949,0.9427278,0.8523183,0.9459641,0.88612944,0.9456475,0.9423388,0.93259716,0.9259052,0.76407176,0.8871286,0.95940197,1.0000001,0.9471235,0.9553173,0.9560448,0.8738588,0.90422595,0.95589954,0.9252963,0.9347781,0.94415236,0.9458307,0.91033024,0.95306605,0.95211625,0.92590106,0.88682365,0.95043933,0.9127078,0.8514335,0.8958695,0.9633349,0.8763541,0.9141301,0.9428942,0.9389248,0.9348774,0.9382887,0.85999924
@corbuzier,0.9458295,0.9650357,0.9711168,0.92168814,0.9284735,0.9773309,0.9361362,0.9446188,0.94301856,0.8940978,0.9657369,0.90464056,0.9328499,0.9173093,0.95531374,0.967597,0.9676738,0.9234968,0.925274,0.9340199,0.97285104,0.964504,0.96503276,0.9314967,0.9584325,0.95378053,0.95730686,0.92035973,0.95548177,0.917179,0.93464017,0.95935583,0.96947134,0.9661132,0.9081765,0.9688722,0.962933,0.81029415,0.9732134,0.91830933,0.9693366,0.93279487,0.9456003,0.95101607,0.9103182,0.91286516,0.95648444,0.9494024,0.9280151,0.912048,0.92477757,0.933573,0.93883395,0.91555655,0.9655849,0.7408501,0.9752102,0.897004,0.97780174,0.9458971,0.9461473,0.96719295,0.87384075,0.96277505,0.9268868,0.98570657,0.9647813,0.9427054,0.96208036,0.8217844,0.91122293,0.9588917,0.9471235,1.0000002,0.9657128,0.9619643,0.94327307,0.9430151,0.94471914,0.96993494,0.9529885,0.93017584,0.9705906,0.8931235,0.95470285,0.95997405,0.9743794,0.9045476,0.9534879,0.92414856,0.89970815,0.91028327,0.9557443,0.918508,0.9597868,0.9753831,0.926116,0.93796223,0.9424178,0.9202535
@deHakims,0.95396125,0.95802116,0.96606064,0.9073624,0.8881478,0.9480611,0.89949363,0.949426,0.9475025,0.90959185,0.9746711,0.8571854,0.9479388,0.95590997,0.9442969,0.936527,0.95288646,0.8887272,0.95624363,0.9476157,0.9741766,0.97388697,0.9557655,0.9346634,0.9566963,0.9402561,0.96958375,0.8881165,0.927541,0.90517735,0.9228545,0.94534683,0.9682078,0.97406983,0.9547697,0.9684686,0.9504621,0.7534677,0.9742765,0.95373195,0.96473277,0.91225564,0.9446669,0.9544474,0.8718633,0.8952942,0.9520066,0.9775927,0.89434457,0.9003669,0.91490746,0.9356214,0.9080292,0.920593,0.9365579,0.6859594,0.9756322,0.87050676,0.94182837,0.9675097,0.9634397,0.9500568,0.8652659,0.9554097,0.91349757,0.9664761,0.9657126,0.94479513,0.9443443,0.7697208,0.88443136,0.98139393,0.9553173,0.9657128,1.0000001,0.98548293,0.90153646,0.9101716,0.96446145,0.9510758,0.93385637,0.93668437,0.96016395,0.91513234,0.9561539,0.95174575,0.9497873,0.88354445,0.94715655,0.95506597,0.8875183,0.93565553,0.9649571,0.88851917,0.9558676,0.96161926,0.9486432,0.93867505,0.95054847,0.8906287
@deHakimsAviaryIrfanHakim,0.9474329,0.9571421,0.96124554,0.88818896,0.881206,0.94528896,0.8998058,0.93694484,0.9386735,0.9115279,0.97116566,0.8486031,0.9486934,0.94915634,0.93330455,0.9352087,0.9518335,0.87705684,0.94594145,0.94862616,0.9672556,0.9628382,0.9433042,0.92461586,0.9498782,0.9298038,0.9630046,0.87770337,0.92794764,0.89191264,0.90977347,0.9380778,0.968011,0.97005814,0.9359789,0.9640659,0.9423846,0.7408222,0.95990705,0.9345918,0.96199006,0.9112139,0.93754435,0.9464861,0.8569504,0.8770846,0.9431547,0.96762097,0.8886821,0.88106155,0.9184514,0.92171794,0.9067179,0.9061519,0.94047487,0.674842,0.97115624,0.8549328,0.9427071,0.95872766,0.9545833,0.9459302,0.84186435,0.9535593,0.8955258,0.9589773,0.9526783,0.9326794,0.9396404,0.7567481,0.8852476,0.9687904,0.9560448,0.9619643,0.98548293,0.9999999,0.88934124,0.9091306,0.95565724,0.9425156,0.92392915,0.940392,0.951565,0.913201,0.9535419,0.93997693,0.9425876,0.86853886,0.94270504,0.9283553,0.8674756,0.9168258,0.9564105,0.8837738,0.94944465,0.9563893,0.94787234,0.94123054,0.9509002,0.8802541
@dennycaknan6996,0.9255389,0.92488027,0.9335935,0.9541793,0.9159472,0.9410376,0.92724144,0.9315917,0.9269887,0.82124007,0.89752716,0.9117781,0.8575601,0.84773505,0.92554706,0.9443246,0.92852294,0.9396714,0.9017187,0.90680534,0.92838585,0.9186404,0.9410079,0.91970646,0.93462026,0.95779574,0.9136783,0.9389088,0.9262947,0.9288186,0.93987143,0.943798,0.9196716,0.90903556,0.8428426,0.9465629,0.9516325,0.8578638,0.9375782,0.87139106,0.912025,0.9175117,0.9258635,0.93496364,0.96060175,0.94984996,0.93126684,0.8836467,0.93863225,0.94757515,0.87175924,0.92847514,0.9349317,0.91054606,0.93534887,0.79048026,0.918751,0.9005015,0.9207131,0.88845277,0.8962219,0.94883,0.8944113,0.9126003,0.9454855,0.94259584,0.93588877,0.93153286,0.9397942,0.86574304,0.90025496,0.9078903,0.8738588,0.94327307,0.90153646,0.88934124,1.0000001,0.9367566,0.8938898,0.96122754,0.92566085,0.8450549,0.94303286,0.802876,0.9076388,0.9478072,0.9556174,0.8962327,0.92272794,0.89277124,0.93109244,0.8843393,0.91625047,0.91715497,0.9406835,0.9140271,0.8522707,0.85798025,0.8872613,0.9240005
@farida.nurhan,0.9335677,0.9708638,0.9482267,0.92438436,0.9592339,0.9516957,0.98497665,0.91847575,0.96765816,0.83545804,0.9106128,0.9198185,0.86779255,0.85451114,0.9253895,0.9441535,0.93347853,0.9284675,0.9252621,0.9120658,0.9363323,0.9144275,0.9583367,0.9115447,0.93620884,0.96372616,0.93610215,0.928468,0.93302965,0.93139637,0.9159662,0.9391199,0.9380001,0.9106032,0.8443094,0.95237935,0.9498918,0.85496354,0.93226045,0.8635547,0.92212576,0.9754528,0.9491954,0.9446203,0.9239752,0.908817,0.9426788,0.88697505,0.9445327,0.9322409,0.8646182,0.9097685,0.98534286,0.8996235,0.942654,0.7713964,0.9228688,0.89853567,0.91642714,0.90065885,0.92416245,0.9430306,0.87482107,0.9213096,0.9254663,0.9369761,0.9500657,0.91355735,0.94171816,0.8622004,0.9798117,0.90991724,0.90422595,0.9430151,0.9101716,0.9091306,0.9367566,0.9999999,0.92033637,0.9637087,0.91339433,0.85836023,0.9638508,0.818452,0.9158151,0.9359602,0.95915794,0.9050274,0.92164505,0.8797778,0.9135287,0.8890512,0.917858,0.9380332,0.93544614,0.9080163,0.8595361,0.8652889,0.8884807,0.9214686
@felicia.tjiasaka,0.938047,0.957278,0.9459883,0.9039718,0.9037491,0.9294792,0.9132719,0.94303876,0.95129883,0.9217098,0.94670784,0.8689439,0.9546273,0.9472119,0.94980586,0.9332332,0.95518494,0.88313484,0.9581545,0.94198453,0.96658945,0.9614923,0.9581342,0.93342096,0.9543462,0.941115,0.9765112,0.89519763,0.9378582,0.9145311,0.91816604,0.9481973,0.9529854,0.9434743,0.9556706,0.96041214,0.945563,0.7858623,0.96180785,0.9522239,0.94577956,0.93360204,0.9387754,0.9369954,0.87209,0.8884355,0.95857394,0.9488201,0.9026179,0.9041792,0.91148156,0.9309562,0.9204457,0.92459315,0.9389429,0.7125101,0.9463154,0.8821335,0.9063104,0.9716907,0.9798674,0.9444992,0.88931024,0.94896054,0.9087736,0.9453423,0.963348,0.9437623,0.9537229,0.8013928,0.9043027,0.9672476,0.95589954,0.94471914,0.96446145,0.95565724,0.8938898,0.92033637,0.99999964,0.93910825,0.9139192,0.9346025,0.9563134,0.90990174,0.9628844,0.94528663,0.9297396,0.9042083,0.9407912,0.9495878,0.8926964,0.93193996,0.95817024,0.8912307,0.9303024,0.93043196,0.94947344,0.93081534,0.947371,0.8965298
@indomusikgram,0.96051955,0.96726656,0.96064526,0.95964414,0.9405601,0.970998,0.9533262,0.95139074,0.96754324,0.8660204,0.9356243,0.9133127,0.90359205,0.90032995,0.9491543,0.96214545,0.956213,0.95848656,0.94344556,0.9337962,0.96544266,0.9549099,0.9702234,0.93962646,0.9638872,0.9751349,0.9583857,0.9457776,0.9451252,0.94220257,0.95982265,0.96162236,0.9518099,0.944218,0.8932296,0.9719355,0.9736675,0.8487647,0.96981204,0.9134282,0.94152427,0.9536586,0.95901275,0.96898454,0.95678604,0.9524646,0.9599925,0.92503154,0.9500928,0.95346814,0.90430486,0.94326556,0.95869076,0.9309493,0.9571204,0.7758962,0.9599309,0.913851,0.94762766,0.9363457,0.9446736,0.9664085,0.90247726,0.94725466,0.9630053,0.97417843,0.97212064,0.94919074,0.96039295,0.8597763,0.934762,0.95306766,0.9252963,0.96993494,0.9510758,0.9425156,0.96122754,0.9637087,0.93910825,1.0000006,0.9418052,0.894786,0.974867,0.8593161,0.9420696,0.965743,0.9793693,0.9132974,0.9508172,0.9320812,0.9420659,0.9226767,0.95214057,0.93007576,0.956776,0.95397633,0.89927995,0.9052794,0.92880625,0.9327607
@iwanbanaranblog,0.924516,0.92933595,0.9447808,0.90360224,0.90625226,0.9457698,0.9064654,0.96251786,0.91168094,0.8578733,0.92972314,0.90110487,0.9172504,0.905633,0.94738185,0.95593774,0.95916474,0.9139394,0.90254384,0.9068634,0.9440008,0.9664924,0.93940306,0.94192827,0.9577415,0.9498086,0.9215301,0.91348004,0.9510569,0.9098514,0.9156132,0.95992446,0.9388959,0.9384743,0.88538396,0.9440339,0.94111687,0.8280264,0.94678247,0.90508837,0.93386006,0.91797864,0.9229366,0.9330473,0.9012673,0.8991562,0.93126607,0.91866887,0.9407304,0.9011593,0.9011776,0.95907307,0.9098562,0.9248097,0.9574822,0.7590537,0.9521078,0.92904806,0.94094306,0.91835237,0.90902007,0.9616532,0.89960194,0.92948526,0.91178524,0.9605484,0.9493246,0.9509473,0.9359243,0.8350619,0.8823322,0.9397161,0.9347781,0.9529885,0.93385637,0.92392915,0.92566085,0.91339433,0.9139192,0.9418052,1.0000002,0.90500224,0.94847417,0.8746229,0.93551064,0.9684913,0.95218337,0.9139339,0.94752336,0.91415024,0.88822675,0.91099024,0.9568397,0.8904085,0.9367461,0.9438256,0.90537584,0.91877735,0.9253055,0.9006201
@kompastv,0.8925065,0.9201328,0.916121,0.8462049,0.8612826,0.9155265,0.8650342,0.9080086,0.8779886,0.9135114,0.9404042,0.81579816,0.98254037,0.96256244,0.92197835,0.90202653,0.9318803,0.8492851,0.892992,0.9120232,0.9320759,0.94088125,0.8958072,0.88702095,0.91491795,0.88769245,0.9229101,0.84547293,0.91793025,0.8511543,0.8747153,0.8987711,0.9322973,0.93130416,0.9117833,0.918156,0.9014088,0.7283305,0.93139684,0.91769785,0.92676497,0.87330246,0.8958583,0.89467865,0.8222027,0.8378018,0.92620337,0.92705667,0.8567884,0.8253654,0.9573497,0.89611393,0.86261165,0.88872147,0.9210936,0.66195834,0.9451728,0.85210574,0.91314614,0.93079853,0.9203733,0.9018713,0.8372185,0.9429409,0.85658777,0.9343949,0.91660035,0.89446926,0.91220915,0.74171674,0.84155107,0.9371489,0.94415236,0.93017584,0.93668437,0.940392,0.8450549,0.85836023,0.9346025,0.894786,0.90500224,0.9999993,0.9032979,0.9694299,0.97183114,0.90739846,0.90443873,0.86389613,0.9109028,0.9036862,0.8204241,0.8861618,0.928701,0.83142203,0.9006294,0.9327324,0.9826917,0.98308897,0.97604644,0.83166456
@letdahyper,0.9603505,0.97549534,0.966487,0.9389796,0.9475809,0.9617468,0.9570483,0.9508672,0.9694202,0.8777729,0.9502833,0.9147526,0.91595685,0.9068978,0.96037185,0.96632195,0.9656955,0.92871857,0.94740903,0.9358766,0.979222,0.96445286,0.9852978,0.944623,0.96766907,0.9735863,0.9617049,0.93790734,0.95496786,0.94823384,0.9396262,0.96952534,0.9631244,0.9524075,0.9069641,0.97033,0.97125506,0.8353377,0.9734074,0.91704845,0.9562372,0.96440476,0.95838916,0.96685576,0.92130756,0.924694,0.966112,0.9412352,0.9467313,0.9431305,0.9015962,0.9386094,0.9623858,0.9323809,0.961835,0.76398516,0.9588487,0.90903586,0.9454415,0.94158053,0.9535831,0.97359,0.9080446,0.95067966,0.94463086,0.9684336,0.9809034,0.9553761,0.962155,0.84925866,0.94411755,0.9602855,0.9458307,0.9705906,0.96016395,0.951565,0.94303286,0.9638508,0.9563134,0.974867,0.94847417,0.9032979,1.0,0.8671417,0.9542346,0.964157,0.9710221,0.9294269,0.9570736,0.9323847,0.92824125,0.9251768,0.96150005,0.9399382,0.95362157,0.9482933,0.9084974,0.908284,0.92769355,0.9314642
@liputan6_news,0.85255206,0.88672984,0.8785027,0.81359553,0.82236123,0.87336516,0.81555945,0.87702435,0.8485918,0.88468635,0.9104367,0.7801571,0.9606794,0.9545931,0.8907429,0.86350477,0.89115393,0.81060016,0.87852883,0.88532174,0.90040076,0.91461664,0.8633661,0.8596322,0.8837381,0.8444885,0.89503586,0.8048037,0.8762463,0.81578964,0.84954643,0.8640988,0.89909065,0.90271765,0.9066196,0.8903223,0.86386096,0.6807655,0.9058683,0.9082464,0.8895465,0.8288466,0.8583926,0.85472643,0.785025,0.8060224,0.88813263,0.9030683,0.80655146,0.79157215,0.9369539,0.8624216,0.8198037,0.85684335,0.8759757,0.61136484,0.9154593,0.8249301,0.8749269,0.9089924,0.898777,0.86234057,0.81971705,0.90898013,0.8295335,0.9038223,0.88771915,0.8619738,0.8759934,0.6903236,0.79898024,0.9168416,0.91033024,0.8931235,0.91513234,0.913201,0.802876,0.818452,0.90990174,0.8593161,0.8746229,0.9694299,0.8671417,1.0000004,0.9438392,0.8695486,0.86272645,0.8306919,0.87571573,0.9020006,0.7965765,0.8736004,0.8948717,0.78286314,0.86631536,0.9066646,0.97155255,0.9615216,0.9568331,0.80093634
@metrotvnews,0.9327835,0.95647395,0.94538844,0.90859103,0.91192365,0.94372106,0.917855,0.94647324,0.92864317,0.9089658,0.9497054,0.87123346,0.97323835,0.95897955,0.9584247,0.94267464,0.9620379,0.8975015,0.9338847,0.9391591,0.96563876,0.9646646,0.9464352,0.9319786,0.9537089,0.94369125,0.95516384,0.90936315,0.9514048,0.91273034,0.9209103,0.9452585,0.9554795,0.9449279,0.9242991,0.9549651,0.947994,0.80169696,0.96389365,0.9374746,0.9459066,0.9274157,0.9314232,0.93719065,0.88564014,0.89842695,0.96047544,0.9397921,0.9141745,0.89364123,0.9586848,0.936431,0.91765684,0.9316931,0.9531759,0.73695195,0.95999014,0.90272605,0.9276842,0.94739956,0.94992304,0.9478006,0.9025211,0.9636857,0.91196525,0.9588294,0.9588784,0.9398229,0.95179784,0.81129396,0.895729,0.96052504,0.95306605,0.95470285,0.9561539,0.9535419,0.9076388,0.9158151,0.9628844,0.9420696,0.93551064,0.97183114,0.9542346,0.9438392,0.99999994,0.9489883,0.9436092,0.91498387,0.94427466,0.93092346,0.88977075,0.9229264,0.95879227,0.8933376,0.9362805,0.9418011,0.9730228,0.96117556,0.9787049,0.8982507
@motomobitv,0.95630527,0.95442426,0.956514,0.94153094,0.9165735,0.9542656,0.9295195,0.98634577,0.9496385,0.8865204,0.9394673,0.9109688,0.92414933,0.92172736,0.95637035,0.96924186,0.9750241,0.9341961,0.9433189,0.93778694,0.9600309,0.9758493,0.9601535,0.9589659,0.9725785,0.9767462,0.95660603,0.930367,0.96299934,0.9365955,0.94088966,0.9748585,0.9527949,0.94509745,0.91571283,0.966208,0.96949095,0.8355106,0.96769035,0.93562967,0.9397103,0.94518113,0.9513992,0.9597635,0.9318986,0.9286518,0.9555931,0.9343878,0.9585526,0.9370092,0.90874994,0.97990125,0.937285,0.94416714,0.96887386,0.76388985,0.96019566,0.929183,0.9365544,0.9499185,0.945241,0.9763392,0.90651864,0.9460745,0.94255936,0.96505713,0.9651979,0.969892,0.9578577,0.84807277,0.9088886,0.96273625,0.95211625,0.95997405,0.95174575,0.93997693,0.9478072,0.9359602,0.94528663,0.965743,0.9684913,0.90739846,0.964157,0.8695486,0.9489883,1.0000001,0.96404326,0.9174945,0.9685385,0.93700033,0.92127955,0.9298602,0.976121,0.91423035,0.9513333,0.94222295,0.91576153,0.9130407,0.9357164,0.91701514
@nihongomantappu,0.9562788,0.96645,0.97354686,0.9361272,0.9308191,0.9720296,0.95303315,0.94820976,0.94927824,0.8761754,0.9514793,0.9135742,0.9120067,0.9016682,0.94571614,0.96204925,0.9583458,0.9452716,0.92482555,0.9339548,0.9585601,0.95354754,0.95881814,0.9412012,0.96366006,0.9676119,0.9492456,0.9341167,0.9530052,0.9369885,0.94355345,0.9595344,0.9636661,0.9620612,0.8894156,0.96681654,0.96832204,0.8404325,0.9627885,0.9087415,0.9579567,0.9417163,0.95738626,0.9645976,0.93370706,0.9306339,0.9539496,0.93555695,0.9497167,0.9286492,0.909518,0.9388813,0.9531337,0.9292176,0.96609175,0.76707673,0.965907,0.91564983,0.9571544,0.9314281,0.93367153,0.9673275,0.8855262,0.94913137,0.93804157,0.97769296,0.96741915,0.9434389,0.9617498,0.8526702,0.9273169,0.94777185,0.92590106,0.9743794,0.9497873,0.9425876,0.9556174,0.95915794,0.9297396,0.9793693,0.95218337,0.90443873,0.9710221,0.86272645,0.9436092,0.96404326,1.0000001,0.91044927,0.9571074,0.9193581,0.91310966,0.91299134,0.9491106,0.92704713,0.9715649,0.9562626,0.90295815,0.91911674,0.9329518,0.9227457
@officialbaliunited,0.89330876,0.9080851,0.89626783,0.8972858,0.9376546,0.90607035,0.90191275,0.90724707,0.90766317,0.82471573,0.86746705,0.90769774,0.8704511,0.85941815,0.93823975,0.9071739,0.9072048,0.89605165,0.89162797,0.87254006,0.9114889,0.91673154,0.93689454,0.8993989,0.90906495,0.92753184,0.8935064,0.92872673,0.9010253,0.9042559,0.90044487,0.9283885,0.8901311,0.8728887,0.84786826,0.9025275,0.91444665,0.86895263,0.909944,0.86622524,0.88486075,0.9152359,0.9035626,0.8968091,0.89215684,0.8931544,0.9133568,0.85803914,0.9030278,0.8919444,0.8754157,0.9072433,0.9035673,0.9196124,0.90544105,0.8341572,0.89673597,0.93342036,0.87408304,0.87919414,0.88886684,0.9200003,0.918223,0.88985795,0.9072257,0.91599905,0.92004395,0.9128026,0.90585953,0.8744701,0.8906051,0.9011216,0.88682365,0.9045476,0.88354445,0.86853886,0.8962327,0.9050274,0.9042083,0.9132974,0.9139339,0.86389613,0.9294269,0.8306919,0.91498387,0.9174945,0.91044927,0.99999976,0.8996519,0.89074105,0.8928492,0.8883468,0.9135572,0.87448084,0.8863742,0.88316894,0.874071,0.86925715,0.8903996,0.8817346
@projectreview,0.9498867,0.94723797,0.9500861,0.9211081,0.8960553,0.94369805,0.9169798,0.96463215,0.9335335,0.9009219,0.9368192,0.8911723,0.92849326,0.91698104,0.9404477,0.97354287,0.97880185,0.9181937,0.92677903,0.9291129,0.9585852,0.96217537,0.9479195,0.97138995,0.9837757,0.9550699,0.9507679,0.9089638,0.9723653,0.9403912,0.9247254,0.98010063,0.94473827,0.94743836,0.90566826,0.9532843,0.9577271,0.8178298,0.9527743,0.9197353,0.94015425,0.92537904,0.9418013,0.9542337,0.91304255,0.9110995,0.94366896,0.9332627,0.9337678,0.9082893,0.91030145,0.9530537,0.9194616,0.92564464,0.9793652,0.7379384,0.95435035,0.90669554,0.9357971,0.9423706,0.9391593,0.9802652,0.89096886,0.9468364,0.9284167,0.9557202,0.95621186,0.97069967,0.94668084,0.82808995,0.89436525,0.9539976,0.95043933,0.9534879,0.94715655,0.94270504,0.92272794,0.92164505,0.9407912,0.9508172,0.94752336,0.9109028,0.9570736,0.87571573,0.94427466,0.9685385,0.9571074,0.8996519,1.0000002,0.9238586,0.8978441,0.91749316,0.9619045,0.90632254,0.94070816,0.9413846,0.91799444,0.9173137,0.93582726,0.8950566
@radityadika,0.93629086,0.92305624,0.9224802,0.91678953,0.86735564,0.9101305,0.8649633,0.9411888,0.9313519,0.8877615,0.9202348,0.85663986,0.9186456,0.9499384,0.9345773,0.90471584,0.91915715,0.88496083,0.9553958,0.9266746,0.9402448,0.95711064,0.9392754,0.9329028,0.9429607,0.92690885,0.94980633,0.8838885,0.899137,0.8963699,0.9312997,0.9343605,0.922302,0.92879057,0.962881,0.95256096,0.9347253,0.7662527,0.95907825,0.97299397,0.9121417,0.8827363,0.9241702,0.9340184,0.8813893,0.90809274,0.9346325,0.93568146,0.8730631,0.9087366,0.8915167,0.9345498,0.88504875,0.93610406,0.9006773,0.6923242,0.94231915,0.8756634,0.89095426,0.95543575,0.9494386,0.9278532,0.8961282,0.9197093,0.9260603,0.9441402,0.9525894,0.942099,0.9298119,0.7845902,0.85511374,0.9685074,0.9127078,0.92414856,0.95506597,0.9283553,0.89277124,0.8797778,0.9495878,0.9320812,0.91415024,0.9036862,0.9323847,0.9020006,0.93092346,0.93700033,0.9193581,0.89074105,0.9238586,0.99999976,0.913024,0.95594996,0.94233704,0.8493369,0.92753434,0.9273275,0.9293559,0.91669655,0.9339533,0.8713464
@raisa6690,0.9210509,0.90649456,0.89502794,0.96655643,0.89990866,0.90211236,0.8981835,0.91664505,0.93608665,0.7948086,0.85686517,0.87717366,0.84130174,0.8496244,0.90669227,0.9059168,0.8920938,0.9334316,0.9188006,0.89176476,0.9084232,0.9035585,0.9321444,0.9108332,0.9193767,0.9400405,0.9055058,0.92947155,0.88602924,0.9200015,0.94098556,0.922254,0.87715113,0.8696563,0.8559623,0.92712545,0.9298772,0.8459472,0.920538,0.8900323,0.865192,0.91253054,0.9122493,0.92740715,0.95276546,0.9555588,0.9194523,0.86042684,0.9075377,0.96099824,0.8383787,0.9143353,0.9132776,0.91234595,0.89196086,0.76919276,0.8919461,0.88186896,0.86102223,0.8855573,0.8954103,0.9201956,0.90362144,0.8741815,0.96884584,0.91241425,0.92974126,0.92178684,0.913537,0.85896814,0.88645846,0.90410143,0.8514335,0.89970815,0.8875183,0.8674756,0.93109244,0.9135287,0.8926964,0.9420659,0.88822675,0.8204241,0.92824125,0.7965765,0.88977075,0.92127955,0.91310966,0.8928492,0.8978441,0.913024,0.9999999,0.9102548,0.9091664,0.8829771,0.90459377,0.8810085,0.83877397,0.83089125,0.8716794,0.90043664
@riasukmawijaya,0.93549466,0.91858494,0.918437,0.9113221,0.8718609,0.9029879,0.87131757,0.9409123,0.9297979,0.86956096,0.9061906,0.85588276,0.90691304,0.9273007,0.9311105,0.9015424,0.91557586,0.89546454,0.94804025,0.91077757,0.93640184,0.9462994,0.935014,0.938133,0.93723977,0.9322696,0.9353862,0.88993394,0.89604646,0.8946966,0.9180521,0.9287618,0.9157716,0.91693485,0.92949253,0.9430801,0.92837656,0.79065734,0.94039154,0.9419176,0.90402055,0.89788693,0.9294082,0.9312423,0.8746964,0.9004452,0.921293,0.91966844,0.8799468,0.903016,0.8815861,0.9357543,0.88329935,0.93522966,0.9014021,0.7156437,0.9260833,0.8912653,0.8735981,0.9308518,0.9226984,0.926406,0.91424537,0.89817697,0.9175222,0.92479205,0.94099414,0.94199216,0.91407365,0.80660284,0.8614036,0.95350254,0.8958695,0.91028327,0.93565553,0.9168258,0.8843393,0.8890512,0.93193996,0.9226767,0.91099024,0.8861618,0.9251768,0.8736004,0.9229264,0.9298602,0.91299134,0.8883468,0.91749316,0.95594996,0.9102548,0.9999998,0.9411163,0.8458463,0.9271194,0.90246,0.9100878,0.893437,0.9158279,0.8772585
@ridwanhr,0.9565219,0.95693195,0.95339835,0.91965294,0.90546817,0.94313425,0.9086188,0.97669566,0.94547737,0.8958997,0.9471469,0.88081306,0.945403,0.9445708,0.9566139,0.95378006,0.96880114,0.9099687,0.9476323,0.93353593,0.9719175,0.9844638,0.95740294,0.9517381,0.96595466,0.9621706,0.9633356,0.91068923,0.9475881,0.9225383,0.9292897,0.9635736,0.9538738,0.9522071,0.9291485,0.9583745,0.9530186,0.80218756,0.96671367,0.9437425,0.9431157,0.93990725,0.95146185,0.9570712,0.89821196,0.9091637,0.9551693,0.9471136,0.92949796,0.9166949,0.9100449,0.96656966,0.9167321,0.94162154,0.9556891,0.74364734,0.96366966,0.9058894,0.93103975,0.9609524,0.9499706,0.96455586,0.89583445,0.94986165,0.92908525,0.9606536,0.9611458,0.9632294,0.95023,0.8147616,0.8948821,0.9772705,0.9633349,0.9557443,0.9649571,0.9564105,0.91625047,0.917858,0.95817024,0.95214057,0.9568397,0.928701,0.96150005,0.8948717,0.95879227,0.976121,0.9491106,0.9135572,0.9619045,0.94233704,0.9091664,0.9411163,1.0,0.890983,0.9435284,0.94880235,0.93899584,0.92629695,0.94666487,0.89686656
@rrq_lemon,0.90441316,0.9230038,0.91521156,0.91106355,0.9089451,0.92646205,0.93872106,0.8932464,0.9118179,0.8012512,0.88930136,0.89081866,0.84194106,0.82147926,0.89767957,0.93480957,0.92024165,0.8927978,0.8825605,0.88614,0.9186599,0.88678384,0.92900884,0.8856107,0.91580564,0.93357205,0.89931566,0.91021615,0.92273307,0.93688035,0.88719285,0.92126584,0.9051181,0.8815235,0.81703115,0.92492545,0.9309092,0.83033025,0.90941745,0.83043015,0.89998233,0.91950107,0.8961582,0.91718924,0.9008268,0.8929836,0.9200556,0.8627891,0.9201486,0.90287614,0.8428453,0.8832631,0.935576,0.8671744,0.92816806,0.758663,0.8913424,0.86214256,0.893612,0.8634534,0.88386357,0.92723656,0.8492894,0.8992433,0.9039344,0.90588,0.9326865,0.89765626,0.9135159,0.83632946,0.91031206,0.88035035,0.8763541,0.918508,0.88851917,0.8837738,0.91715497,0.9380332,0.8912307,0.93007576,0.8904085,0.83142203,0.9399382,0.78286314,0.8933376,0.91423035,0.92704713,0.87448084,0.90632254,0.8493369,0.8829771,0.8458463,0.890983,0.9999998,0.9057555,0.8763938,0.8259157,0.8303617,0.86003053,0.9031893
@tanboykun,0.9536315,0.94813144,0.98059654,0.9216928,0.90130854,0.94384277,0.91911834,0.9431592,0.93796515,0.87404513,0.9636649,0.8849442,0.91366017,0.91794497,0.9392551,0.94442976,0.9466828,0.91430926,0.9365058,0.9474381,0.95274377,0.95066833,0.94926214,0.93932575,0.9564842,0.95121306,0.94607365,0.91332793,0.93504095,0.9176553,0.9238558,0.94809693,0.96818036,0.9661191,0.9124762,0.9728366,0.9606879,0.807868,0.96045196,0.92684865,0.9651148,0.91324735,0.94388914,0.95487773,0.9036849,0.9175444,0.94775784,0.95331883,0.92162794,0.918669,0.90284085,0.93511665,0.92798936,0.93130267,0.94458413,0.7404349,0.95521283,0.88391036,0.93313324,0.9366627,0.93375075,0.9556473,0.87405324,0.9388637,0.9187559,0.9607824,0.9595289,0.9442519,0.9503019,0.8239883,0.8959569,0.9508232,0.9141301,0.9597868,0.9558676,0.94944465,0.9406835,0.93544614,0.9303024,0.956776,0.9367461,0.9006294,0.95362157,0.86631536,0.9362805,0.9513333,0.9715649,0.8863742,0.94070816,0.92753434,0.90459377,0.9271194,0.9435284,0.9057555,1.0000005,0.94040483,0.9110979,0.9139584,0.9331153,0.9067996
@taulany_tv,0.92991745,0.94686705,0.9589163,0.8981197,0.8942553,0.96260554,0.89422774,0.9308058,0.92476463,0.88570166,0.9577842,0.8663228,0.93103707,0.92226267,0.9356035,0.9399539,0.94754565,0.9060751,0.9095628,0.9087971,0.9549644,0.96409106,0.94234425,0.9138245,0.9414282,0.92990017,0.9430043,0.88230526,0.9293499,0.88828814,0.9282683,0.9363663,0.9601015,0.9687972,0.90752727,0.94541115,0.9369029,0.7664114,0.96005636,0.9177462,0.956028,0.9043455,0.9328431,0.93470025,0.88982844,0.8932342,0.93471193,0.9490731,0.9021368,0.881207,0.92080605,0.91955256,0.90196806,0.8964579,0.94265974,0.7051848,0.97967005,0.8750921,0.97011244,0.9452205,0.93604493,0.9429388,0.85532534,0.9436741,0.9154235,0.9815241,0.9429499,0.92452496,0.9342629,0.7761505,0.874835,0.9576292,0.9428942,0.9753831,0.96161926,0.9563893,0.9140271,0.9080163,0.93043196,0.95397633,0.9438256,0.9327324,0.9482933,0.9066646,0.9418011,0.94222295,0.9562626,0.88316894,0.9413846,0.9273275,0.8810085,0.90246,0.94880235,0.8763938,0.94040483,0.9999999,0.9267583,0.94773054,0.9395585,0.87946594
@tempovideochannel,0.90979266,0.9244657,0.9208435,0.8548756,0.85940737,0.90471977,0.8581606,0.92306495,0.8912411,0.92438745,0.9390408,0.8157729,0.9844434,0.98209476,0.92882466,0.8971529,0.9305731,0.84767663,0.920076,0.9297232,0.9379959,0.94868237,0.90459895,0.9085525,0.9256196,0.8974515,0.9408647,0.85227185,0.911767,0.8599076,0.8808441,0.90738976,0.93471825,0.9340228,0.9380901,0.9288713,0.9086253,0.7326237,0.942181,0.94858927,0.9228159,0.8731924,0.9024694,0.90622294,0.82730085,0.8474214,0.93561316,0.9352757,0.8557518,0.8376599,0.94999623,0.91170305,0.86647093,0.9154112,0.91411674,0.6622745,0.9441714,0.85792434,0.90045786,0.9505377,0.9381832,0.91026294,0.85284054,0.9418483,0.8651593,0.93478996,0.92330635,0.9118695,0.9241508,0.74739844,0.84560996,0.9519974,0.9389248,0.926116,0.9486432,0.94787234,0.8522707,0.8595361,0.94947344,0.89927995,0.90537584,0.9826917,0.9084974,0.97155255,0.9730228,0.91576153,0.90295815,0.874071,0.91799444,0.9293559,0.83877397,0.9100878,0.93899584,0.8259157,0.9110979,0.9267583,1.0,0.9770961,0.9787935,0.8376005
@tribunnews,0.902955,0.9228208,0.9268832,0.8479947,0.86091554,0.9238693,0.86515,0.911717,0.8823719,0.9152266,0.9415155,0.82817936,0.97313595,0.96125245,0.92102623,0.90309703,0.92950165,0.86196196,0.89759755,0.91484463,0.9282809,0.9438129,0.89851797,0.89946204,0.9224099,0.8925641,0.92853844,0.8536452,0.9173195,0.8508868,0.88555914,0.9055186,0.9413837,0.9431864,0.91598433,0.9225116,0.9074793,0.73793346,0.93692935,0.9316671,0.9285358,0.8713263,0.90033746,0.903232,0.8319332,0.84438866,0.93108165,0.9292306,0.8637082,0.83169836,0.95420575,0.902444,0.8681767,0.90556526,0.9245114,0.66248167,0.9552721,0.85846245,0.92401767,0.94124043,0.92587036,0.90885574,0.8425675,0.93770725,0.86370754,0.9501318,0.921348,0.9020555,0.92230403,0.7582909,0.84651256,0.9373139,0.9348774,0.93796223,0.93867505,0.94123054,0.85798025,0.8652889,0.93081534,0.9052794,0.91877735,0.98308897,0.908284,0.9615216,0.96117556,0.9130407,0.91911674,0.86925715,0.9173137,0.91669655,0.83089125,0.893437,0.92629695,0.8303617,0.9139584,0.94773054,0.9770961,1.0,0.9718595,0.83443415
@tvOneNews,0.92395353,0.9386749,0.9369771,0.89039433,0.8828521,0.9274883,0.8881942,0.9362108,0.9109476,0.90773517,0.94488156,0.8447403,0.97141063,0.9688512,0.93595076,0.9244885,0.9456,0.8867109,0.9264442,0.93766934,0.9474272,0.9535717,0.92150974,0.9234222,0.94391596,0.9228055,0.94477266,0.8834357,0.9329629,0.8925352,0.9129734,0.92690754,0.94795895,0.9435504,0.9281369,0.9469124,0.93279237,0.77062905,0.9515786,0.94332016,0.9356741,0.8968104,0.9215128,0.9268052,0.86942124,0.8868398,0.9478165,0.9387619,0.89312947,0.8747462,0.95821357,0.92736745,0.8949336,0.92654127,0.9375585,0.69680154,0.9545929,0.884813,0.9190852,0.9478112,0.93872464,0.9309647,0.8787956,0.950323,0.89606786,0.95099354,0.9414714,0.9256796,0.93696356,0.7838018,0.86817324,0.9549414,0.9382887,0.9424178,0.95054847,0.9509002,0.8872613,0.8884807,0.947371,0.92880625,0.9253055,0.97604644,0.92769355,0.9568331,0.9787049,0.9357164,0.9329518,0.8903996,0.93582726,0.9339533,0.8716794,0.9158279,0.94666487,0.86003053,0.9331153,0.9395585,0.9787935,0.9718595,0.9999999,0.86868846
@ybrap,0.8953855,0.91180134,0.9071294,0.9117099,0.9036406,0.9222963,0.91723835,0.9002633,0.9084138,0.8018142,0.8781746,0.899431,0.8449973,0.82630986,0.9130209,0.9329268,0.9110819,0.8988489,0.8901138,0.8921085,0.9192594,0.899615,0.93106997,0.89795685,0.91705513,0.9279959,0.8971636,0.9234937,0.91568875,0.9109824,0.8913014,0.92747307,0.89142174,0.87942237,0.83587986,0.9315327,0.9279937,0.8406119,0.9142486,0.8482836,0.89248407,0.90988004,0.8946011,0.90531635,0.90185714,0.90255654,0.904635,0.85935247,0.9092953,0.9243549,0.85042906,0.89465296,0.9136897,0.8822403,0.9137882,0.76169056,0.89422953,0.8906845,0.87977517,0.86357546,0.886906,0.9304384,0.88474256,0.8973937,0.9035141,0.91281927,0.9295256,0.90618503,0.918368,0.8452158,0.88473713,0.8906847,0.85999924,0.9202535,0.8906287,0.8802541,0.9240005,0.9214686,0.8965298,0.9327607,0.9006201,0.83166456,0.9314642,0.80093634,0.8982507,0.91701514,0.9227457,0.8817346,0.8950566,0.8713464,0.90043664,0.8772585,0.89686656,0.9031893,0.9067996,0.87946594,0.8376005,0.83443415,0.86868846,1.0
